id,order,stim,trial,scr
RV001,A,CSminus,1,1.63298708877124
RV001,A,CSplus,2,2.43082695737152
RV001,A,CSminus,3,0
RV001,A,CSplus,4,2.34033559589008
RV001,A,CSplus,5,2.33939095988959
RV001,A,CSminus,6,1.81679475236267
RV001,A,CSminus,7,0.83217047886756
RV001,A,CSplus,8,0
RV001,A,CSminus,9,1.48289338250621
RV001,A,CSplus,10,2.17913963063614
RV001,A,CSminus,11,1.84136619981279
RV001,A,CSminus,12,1.61359751625122
RV001,A,CSplus,13,2.36326771080018
RV001,A,CSminus,14,0
RV001,A,CSplus,15,1.9779445863591
RV001,A,CSplus,16,1.60240848402982
RV001,A,CSminus,17,1.79311948870932
RV001,A,CSplus,18,2.09494858700529
RV001,A,CSminus,19,0
RV001,A,CSplus,20,1.05603462461708
RV001,A,CSminus,21,0.700114534253906
RV001,A,CSplus,22,0
RV001,A,CSplus,23,1.44137177321369
RV001,A,CSminus,24,0.497312749229795
RV001,A,CSplus,25,0.709667930833173
RV001,A,CSminus,26,1.22002391170861
RV001,A,CSplus,27,0.492758479993887
RV001,A,CSminus,28,0.335264214288238
RV001,A,CSplus,29,1.00140253395317
RV001,A,CSminus,30,1.66029879345146
RV001,A,CSminus,31,1.41619704491135
RV001,A,CSplus,32,1.41619704491135
RV001,A,CSminus,33,0
RV001,A,CSplus,34,0
RV001,A,CSminus,35,1.23103765537131
RV001,A,CSplus,36,0.874326154532843
RV001,A,CSplus,37,0.826752124241977
RV001,A,CSminus,38,1.70044404809466
RV001,A,CSplus,39,0.341922716886318
RV001,A,CSminus,40,1.86561405210547
RV001,A,CSplus,41,0
RV001,A,CSminus,42,1.52623117846029
RV001,A,CSminus,43,2.03949155806329
RV001,A,CSplus,44,0
RV001,A,CSplus,45,0
RV001,A,CSminus,46,2.01733475303703
RV001,A,CSplus,47,0
RV001,A,CSminus,48,2.17501086615422
RV001,A,CSplus,49,0
RV001,A,CSplus,50,0.354823583324114
RV001,A,CSminus,51,1.56550369062734
RV001,A,CSminus,52,2.01733475303703
RV001,A,CSplus,53,0.39670482616639
RV001,A,CSminus,54,2.18845137049879
RV001,A,CSplus,55,0
RV001,A,CSminus,56,1.77677378325207
RV004,A,CSminus,1,3.37637463783312
RV004,A,CSplus,2,2.5329737671958
RV004,A,CSminus,3,1.46199679226845
RV004,A,CSplus,4,2.34059078836881
RV004,A,CSplus,5,2.52715652720113
RV004,A,CSminus,6,2.39241826916898
RV004,A,CSminus,7,0.885518000340778
RV004,A,CSplus,8,2.14588557727363
RV004,A,CSminus,9,1.76443695445213
RV004,A,CSplus,10,1.26167866420753
RV004,A,CSminus,11,2.05688350759424
RV004,A,CSminus,12,1.68930901406029
RV004,A,CSplus,13,2.63455840103482
RV004,A,CSminus,14,0.906115964725167
RV004,A,CSplus,15,1.51201699859734
RV004,A,CSplus,16,1.38573533207023
RV004,A,CSminus,17,0.863861630460003
RV004,A,CSplus,18,2.24360708063346
RV004,A,CSminus,19,0.722871617161315
RV004,A,CSplus,20,2.05598224924824
RV004,A,CSminus,21,1.76267509802276
RV004,A,CSplus,22,2.16205691243109
RV004,A,CSplus,23,2.62896595187849
RV004,A,CSminus,24,0.510720665994138
RV004,A,CSplus,25,1.5835981222999
RV004,A,CSminus,26,1.63419939401421
RV004,A,CSplus,27,0.343058971913367
RV004,A,CSminus,28,1.28005822592609
RV004,A,CSplus,29,1.62739719889077
RV004,A,CSminus,30,0.775583621737613
RV004,A,CSminus,31,2.89595101103073
RV004,A,CSplus,32,2.30532099311812
RV004,A,CSminus,33,1.05009760461572
RV004,A,CSplus,34,0.776145689840545
RV004,A,CSminus,35,0.577352022212134
RV004,A,CSplus,36,1.74572388838271
RV004,A,CSplus,37,2.06353794381267
RV004,A,CSminus,38,2.17203070706515
RV004,A,CSplus,39,1.7355773401603
RV004,A,CSminus,40,0
RV004,A,CSplus,41,1.48775773890908
RV004,A,CSminus,42,2.49273342654156
RV004,A,CSminus,43,0
RV004,A,CSplus,44,1.26635775345836
RV004,A,CSplus,45,0
RV004,A,CSminus,46,1.96752638039601
RV004,A,CSplus,47,2.01923773390741
RV004,A,CSminus,48,2.34861190822557
RV004,A,CSplus,49,0
RV004,A,CSplus,50,1.82014063033227
RV004,A,CSminus,51,1.89252519716662
RV004,A,CSminus,52,2.65239555234559
RV004,A,CSplus,53,1.69184017779425
RV004,A,CSminus,54,2.33989200023908
RV004,A,CSplus,55,1.00489704452724
RV004,A,CSminus,56,1.62806697860794
RV005,A,CSminus,1,1.72786674550926
RV005,A,CSplus,2,2.57027370458622
RV005,A,CSminus,3,0
RV005,A,CSplus,4,3.44239624926192
RV005,A,CSplus,5,0.668180990799111
RV005,A,CSminus,6,1.9273303729145
RV005,A,CSminus,7,0
RV005,A,CSplus,8,0
RV005,A,CSminus,9,0
RV005,A,CSplus,10,1.37582565072605
RV005,A,CSminus,11,0.888370576619104
RV005,A,CSminus,12,0
RV005,A,CSplus,13,2.40789211324063
RV005,A,CSminus,14,0
RV005,A,CSplus,15,1.48344724806203
RV005,A,CSplus,16,0
RV005,A,CSminus,17,0
RV005,A,CSplus,18,0
RV005,A,CSminus,19,0
RV005,A,CSplus,20,0
RV005,A,CSminus,21,0
RV005,A,CSplus,22,1.87286921750392
RV005,A,CSplus,23,0
RV005,A,CSminus,24,0
RV005,A,CSplus,25,0
RV005,A,CSminus,26,0.76768581535794
RV005,A,CSplus,27,0
RV005,A,CSminus,28,0
RV005,A,CSplus,29,0
RV005,A,CSminus,30,0
RV005,A,CSminus,31,1.02663358044801
RV005,A,CSplus,32,2.52374363859765
RV005,A,CSminus,33,0
RV005,A,CSplus,34,0
RV005,A,CSminus,35,0
RV005,A,CSplus,36,0
RV005,A,CSplus,37,2.22209748790674
RV005,A,CSminus,38,2.2822001979919
RV005,A,CSplus,39,0
RV005,A,CSminus,40,0
RV005,A,CSplus,41,0
RV005,A,CSminus,42,0
RV005,A,CSminus,43,0
RV005,A,CSplus,44,0
RV005,A,CSplus,45,0
RV005,A,CSminus,46,0
RV005,A,CSplus,47,0
RV005,A,CSminus,48,0.704988750766021
RV005,A,CSplus,49,2.56734806077541
RV005,A,CSplus,50,0
RV005,A,CSminus,51,2.1863155979856
RV005,A,CSminus,52,0
RV005,A,CSplus,53,0.789013005823326
RV005,A,CSminus,54,0
RV005,A,CSplus,55,0
RV005,A,CSminus,56,0
RV008,A,CSminus,1,0
RV008,A,CSplus,2,0
RV008,A,CSminus,3,0
RV008,A,CSplus,4,0
RV008,A,CSplus,5,1.89405906248667
RV008,A,CSminus,6,0
RV008,A,CSminus,7,0
RV008,A,CSplus,8,0
RV008,A,CSminus,9,0
RV008,A,CSplus,10,0
RV008,A,CSminus,11,0
RV008,A,CSminus,12,0.900847220049182
RV008,A,CSplus,13,0
RV008,A,CSminus,14,0
RV008,A,CSplus,15,0
RV008,A,CSplus,16,0
RV008,A,CSminus,17,0
RV008,A,CSplus,18,0
RV008,A,CSminus,19,0
RV008,A,CSplus,20,0
RV008,A,CSminus,21,0
RV008,A,CSplus,22,0
RV008,A,CSplus,23,0
RV008,A,CSminus,24,0
RV008,A,CSplus,25,0
RV008,A,CSminus,26,0
RV008,A,CSplus,27,0
RV008,A,CSminus,28,0
RV008,A,CSplus,29,0
RV008,A,CSminus,30,0
RV008,A,CSminus,31,0
RV008,A,CSplus,32,0
RV008,A,CSminus,33,0
RV008,A,CSplus,34,0
RV008,A,CSminus,35,0
RV008,A,CSplus,36,0
RV008,A,CSplus,37,0
RV008,A,CSminus,38,0
RV008,A,CSplus,39,0
RV008,A,CSminus,40,0
RV008,A,CSplus,41,0
RV008,A,CSminus,42,0
RV008,A,CSminus,43,0
RV008,A,CSplus,44,0
RV008,A,CSplus,45,0
RV008,A,CSminus,46,0
RV008,A,CSplus,47,0
RV008,A,CSminus,48,0
RV008,A,CSplus,49,0
RV008,A,CSplus,50,0
RV008,A,CSminus,51,0
RV008,A,CSminus,52,0
RV008,A,CSplus,53,0
RV008,A,CSminus,54,0
RV008,A,CSplus,55,0
RV008,A,CSminus,56,0
RV010,A,CSminus,1,1.73266555846221
RV010,A,CSplus,2,0.71520563256505
RV010,A,CSminus,3,0
RV010,A,CSplus,4,0
RV010,A,CSplus,5,0
RV010,A,CSminus,6,0
RV010,A,CSminus,7,0
RV010,A,CSplus,8,0
RV010,A,CSminus,9,0
RV010,A,CSplus,10,0
RV010,A,CSminus,11,0
RV010,A,CSminus,12,0
RV010,A,CSplus,13,0
RV010,A,CSminus,14,0
RV010,A,CSplus,15,0
RV010,A,CSplus,16,0
RV010,A,CSminus,17,0
RV010,A,CSplus,18,0
RV010,A,CSminus,19,0
RV010,A,CSplus,20,0
RV010,A,CSminus,21,0
RV010,A,CSplus,22,0
RV010,A,CSplus,23,0
RV010,A,CSminus,24,0
RV010,A,CSplus,25,0
RV010,A,CSminus,26,0
RV010,A,CSplus,27,0
RV010,A,CSminus,28,0
RV010,A,CSplus,29,0
RV010,A,CSminus,30,0
RV010,A,CSminus,31,0
RV010,A,CSplus,32,0
RV010,A,CSminus,33,0
RV010,A,CSplus,34,0
RV010,A,CSminus,35,0
RV010,A,CSplus,36,0
RV010,A,CSplus,37,0
RV010,A,CSminus,38,0
RV010,A,CSplus,39,0
RV010,A,CSminus,40,0
RV010,A,CSplus,41,0
RV010,A,CSminus,42,0
RV010,A,CSminus,43,0
RV010,A,CSplus,44,0
RV010,A,CSplus,45,0
RV010,A,CSminus,46,0
RV010,A,CSplus,47,0
RV010,A,CSminus,48,0
RV010,A,CSplus,49,0
RV010,A,CSplus,50,0
RV010,A,CSminus,51,0
RV010,A,CSminus,52,0
RV010,A,CSplus,53,0
RV010,A,CSminus,54,0
RV010,A,CSplus,55,0
RV010,A,CSminus,56,0
RV016,A,CSminus,1,0.550724574630142
RV016,A,CSplus,2,0.635198205870198
RV016,A,CSminus,3,0
RV016,A,CSplus,4,0.390225625820691
RV016,A,CSplus,5,0
RV016,A,CSminus,6,0
RV016,A,CSminus,7,0
RV016,A,CSplus,8,1.01539833575746
RV016,A,CSminus,9,0
RV016,A,CSplus,10,0.445519955249492
RV016,A,CSminus,11,0
RV016,A,CSminus,12,0
RV016,A,CSplus,13,0
RV016,A,CSminus,14,0
RV016,A,CSplus,15,0
RV016,A,CSplus,16,0
RV016,A,CSminus,17,0
RV016,A,CSplus,18,0
RV016,A,CSminus,19,0
RV016,A,CSplus,20,0
RV016,A,CSminus,21,0
RV016,A,CSplus,22,0
RV016,A,CSplus,23,0
RV016,A,CSminus,24,0
RV016,A,CSplus,25,0
RV016,A,CSminus,26,0
RV016,A,CSplus,27,0
RV016,A,CSminus,28,0
RV016,A,CSplus,29,0
RV016,A,CSminus,30,0
RV016,A,CSminus,31,0
RV016,A,CSplus,32,0
RV016,A,CSminus,33,0
RV016,A,CSplus,34,0
RV016,A,CSminus,35,0
RV016,A,CSplus,36,0
RV016,A,CSplus,37,0
RV016,A,CSminus,38,0
RV016,A,CSplus,39,0
RV016,A,CSminus,40,0
RV016,A,CSplus,41,0
RV016,A,CSminus,42,0
RV016,A,CSminus,43,0
RV016,A,CSplus,44,0
RV016,A,CSplus,45,0
RV016,A,CSminus,46,0
RV016,A,CSplus,47,0
RV016,A,CSminus,48,0
RV016,A,CSplus,49,0
RV016,A,CSplus,50,0
RV016,A,CSminus,51,0
RV016,A,CSminus,52,0
RV016,A,CSplus,53,0
RV016,A,CSminus,54,0
RV016,A,CSplus,55,0
RV016,A,CSminus,56,0
RV021,A,CSminus,1,1.75089003052832
RV021,A,CSplus,2,1.70191454264688
RV021,A,CSminus,3,1.24835197496967
RV021,A,CSplus,4,1.22641508517803
RV021,A,CSplus,5,1.98673777079601
RV021,A,CSminus,6,1.25473150392088
RV021,A,CSminus,7,0.928555295001967
RV021,A,CSplus,8,1.19610017716181
RV021,A,CSminus,9,0.95232260621572
RV021,A,CSplus,10,0.866288872024173
RV021,A,CSminus,11,0.855152527998762
RV021,A,CSminus,12,0.92511173605161
RV021,A,CSplus,13,2.00988338420138
RV021,A,CSminus,14,0.5872663694082
RV021,A,CSplus,15,0.840078609891161
RV021,A,CSplus,16,1.39456360180466
RV021,A,CSminus,17,0.505445316301642
RV021,A,CSplus,18,1.42064983962415
RV021,A,CSminus,19,0.780987860490978
RV021,A,CSplus,20,1.30586378947618
RV021,A,CSminus,21,0.452070146193322
RV021,A,CSplus,22,1.31318346026567
RV021,A,CSplus,23,1.71123479573585
RV021,A,CSminus,24,0.749690974783352
RV021,A,CSplus,25,1.0124628450721
RV021,A,CSminus,26,0.793152994901727
RV021,A,CSplus,27,0.419085313709307
RV021,A,CSminus,28,0.570711157230739
RV021,A,CSplus,29,1.38651902464366
RV021,A,CSminus,30,0.962335133911124
RV021,A,CSminus,31,0.945596067524588
RV021,A,CSplus,32,1.17454164809703
RV021,A,CSminus,33,0.55941469554894
RV021,A,CSplus,34,0.579047931360409
RV021,A,CSminus,35,0.589986320830611
RV021,A,CSplus,36,1.018758246399
RV021,A,CSplus,37,0.900626622828302
RV021,A,CSminus,38,1.39112269683636
RV021,A,CSplus,39,1.39226559938098
RV021,A,CSminus,40,0
RV021,A,CSplus,41,0.366210637884719
RV021,A,CSminus,42,0.774826920291981
RV021,A,CSminus,43,0.314630104554129
RV021,A,CSplus,44,1.22511747174948
RV021,A,CSplus,45,0
RV021,A,CSminus,46,0
RV021,A,CSplus,47,0.465976223074511
RV021,A,CSminus,48,0.459075842072984
RV021,A,CSplus,49,0.56226939426352
RV021,A,CSplus,50,0.499069962542891
RV021,A,CSminus,51,0.661430782194073
RV021,A,CSminus,52,0.834366656533255
RV021,A,CSplus,53,0.858876625504758
RV021,A,CSminus,54,0.536088636561255
RV021,A,CSplus,55,0.902390965886476
RV021,A,CSminus,56,1.27493478171378
RV026,A,CSminus,1,0
RV026,A,CSplus,2,0
RV026,A,CSminus,3,0
RV026,A,CSplus,4,0
RV026,A,CSplus,5,0
RV026,A,CSminus,6,0
RV026,A,CSminus,7,0
RV026,A,CSplus,8,0.514627627451134
RV026,A,CSminus,9,0
RV026,A,CSplus,10,0.560534591286314
RV026,A,CSminus,11,0
RV026,A,CSminus,12,0
RV026,A,CSplus,13,0
RV026,A,CSminus,14,0
RV026,A,CSplus,15,0.538674067866053
RV026,A,CSplus,16,0
RV026,A,CSminus,17,0
RV026,A,CSplus,18,0
RV026,A,CSminus,19,0
RV026,A,CSplus,20,0
RV026,A,CSminus,21,0.545264697547527
RV026,A,CSplus,22,0
RV026,A,CSplus,23,0.563077759841933
RV026,A,CSminus,24,0
RV026,A,CSplus,25,0
RV026,A,CSminus,26,0
RV026,A,CSplus,27,0
RV026,A,CSminus,28,0
RV026,A,CSplus,29,0.539156102922568
RV026,A,CSminus,30,0
RV026,A,CSminus,31,0
RV026,A,CSplus,32,0.651815609310828
RV026,A,CSminus,33,0
RV026,A,CSplus,34,0
RV026,A,CSminus,35,0
RV026,A,CSplus,36,0
RV026,A,CSplus,37,0
RV026,A,CSminus,38,0
RV026,A,CSplus,39,0.576752218415589
RV026,A,CSminus,40,0
RV026,A,CSplus,41,0
RV026,A,CSminus,42,0
RV026,A,CSminus,43,0
RV026,A,CSplus,44,0.655194459624934
RV026,A,CSplus,45,0
RV026,A,CSminus,46,0
RV026,A,CSplus,47,0
RV026,A,CSminus,48,0
RV026,A,CSplus,49,0
RV026,A,CSplus,50,0
RV026,A,CSminus,51,0
RV026,A,CSminus,52,0
RV026,A,CSplus,53,0
RV026,A,CSminus,54,0.514375173363118
RV026,A,CSplus,55,0
RV026,A,CSminus,56,0
RV027,A,CSminus,1,2.69743475527095
RV027,A,CSplus,2,1.94441486562991
RV027,A,CSminus,3,1.93946450983736
RV027,A,CSplus,4,1.9193794014827
RV027,A,CSplus,5,2.15693169702866
RV027,A,CSminus,6,0.924540116656966
RV027,A,CSminus,7,1.00368779377135
RV027,A,CSplus,8,1.16803633141409
RV027,A,CSminus,9,0.814056673320081
RV027,A,CSplus,10,1.28546029244338
RV027,A,CSminus,11,0
RV027,A,CSminus,12,0.887317102775344
RV027,A,CSplus,13,0.867486092922511
RV027,A,CSminus,14,1.0949868401379
RV027,A,CSplus,15,2.12330508676442
RV027,A,CSplus,16,1.06422348404388
RV027,A,CSminus,17,0.378985982133676
RV027,A,CSplus,18,1.52884849040929
RV027,A,CSminus,19,1.35580428292477
RV027,A,CSplus,20,0.698121021169978
RV027,A,CSminus,21,1.62886733699162
RV027,A,CSplus,22,0
RV027,A,CSplus,23,1.29273182872203
RV027,A,CSminus,24,0
RV027,A,CSplus,25,0.688618807183857
RV027,A,CSminus,26,1.06832412019173
RV027,A,CSplus,27,1.47551894834578
RV027,A,CSminus,28,0
RV027,A,CSplus,29,0
RV027,A,CSminus,30,0
RV027,A,CSminus,31,1.0702006593456
RV027,A,CSplus,32,0.382133760300605
RV027,A,CSminus,33,0.377957309651288
RV027,A,CSplus,34,1.54096497760269
RV027,A,CSminus,35,0.405258639858112
RV027,A,CSplus,36,0
RV027,A,CSplus,37,0
RV027,A,CSminus,38,0
RV027,A,CSplus,39,1.10278121503992
RV027,A,CSminus,40,0
RV027,A,CSplus,41,0.43690758963114
RV027,A,CSminus,42,0
RV027,A,CSminus,43,0
RV027,A,CSplus,44,0
RV027,A,CSplus,45,0.412364484092298
RV027,A,CSminus,46,0
RV027,A,CSplus,47,0.362176789557295
RV027,A,CSminus,48,0.750227830455854
RV027,A,CSplus,49,0.733882795138642
RV027,A,CSplus,50,0
RV027,A,CSminus,51,0
RV027,A,CSminus,52,0
RV027,A,CSplus,53,0
RV027,A,CSminus,54,0
RV027,A,CSplus,55,0.614624648280774
RV027,A,CSminus,56,0
RV030,A,CSminus,1,1.12948746172237
RV030,A,CSplus,2,1.60013505191599
RV030,A,CSminus,3,0.828469220085875
RV030,A,CSplus,4,1.23869806873953
RV030,A,CSplus,5,1.60689192499203
RV030,A,CSminus,6,0.987484855857496
RV030,A,CSminus,7,0
RV030,A,CSplus,8,0.708230389980373
RV030,A,CSminus,9,0.533529470729708
RV030,A,CSplus,10,0.959486357082263
RV030,A,CSminus,11,0.966067721386625
RV030,A,CSminus,12,0.528885640946913
RV030,A,CSplus,13,0.697182702057293
RV030,A,CSminus,14,1.69849753180291
RV030,A,CSplus,15,0.59115872774729
RV030,A,CSplus,16,1.42658365041611
RV030,A,CSminus,17,0.555819319497406
RV030,A,CSplus,18,0.806637873755936
RV030,A,CSminus,19,0
RV030,A,CSplus,20,1.0421311279838
RV030,A,CSminus,21,0.810287431444793
RV030,A,CSplus,22,0.948381931931381
RV030,A,CSplus,23,0.736553301298711
RV030,A,CSminus,24,1.10478617116495
RV030,A,CSplus,25,0.703502177194757
RV030,A,CSminus,26,1.09039776711354
RV030,A,CSplus,27,0.91835080339967
RV030,A,CSminus,28,0.56919064253473
RV030,A,CSplus,29,1.01744832218339
RV030,A,CSminus,30,0.735337405042887
RV030,A,CSminus,31,0.559894486458665
RV030,A,CSplus,32,0.740678948858717
RV030,A,CSminus,33,0.459070049994491
RV030,A,CSplus,34,0.904258849452746
RV030,A,CSminus,35,0.857079636132873
RV030,A,CSplus,36,1.08824421082749
RV030,A,CSplus,37,1.02589909376816
RV030,A,CSminus,38,0.686943590801833
RV030,A,CSplus,39,0.580299490910953
RV030,A,CSminus,40,0.832546070393673
RV030,A,CSplus,41,0
RV030,A,CSminus,42,0.555296932803518
RV030,A,CSminus,43,0.575108423036342
RV030,A,CSplus,44,0.567999687860345
RV030,A,CSplus,45,0
RV030,A,CSminus,46,0.924126321329231
RV030,A,CSplus,47,0.633765874065845
RV030,A,CSminus,48,0
RV030,A,CSplus,49,0
RV030,A,CSplus,50,0.755581617844523
RV030,A,CSminus,51,0.734810988936013
RV030,A,CSminus,52,0.612023153432488
RV030,A,CSplus,53,0.679972596950815
RV030,A,CSminus,54,0.525306777943764
RV030,A,CSplus,55,0
RV030,A,CSminus,56,1.00279561162284
RV032,A,CSminus,1,0
RV032,A,CSplus,2,0
RV032,A,CSminus,3,0
RV032,A,CSplus,4,0
RV032,A,CSplus,5,0
RV032,A,CSminus,6,0.519387409484529
RV032,A,CSminus,7,0
RV032,A,CSplus,8,0
RV032,A,CSminus,9,0
RV032,A,CSplus,10,0
RV032,A,CSminus,11,0
RV032,A,CSminus,12,0
RV032,A,CSplus,13,0
RV032,A,CSminus,14,0
RV032,A,CSplus,15,0
RV032,A,CSplus,16,0
RV032,A,CSminus,17,0
RV032,A,CSplus,18,0
RV032,A,CSminus,19,0
RV032,A,CSplus,20,0
RV032,A,CSminus,21,0
RV032,A,CSplus,22,0
RV032,A,CSplus,23,0
RV032,A,CSminus,24,0
RV032,A,CSplus,25,0
RV032,A,CSminus,26,0
RV032,A,CSplus,27,0.982338652973782
RV032,A,CSminus,28,0
RV032,A,CSplus,29,0
RV032,A,CSminus,30,0
RV032,A,CSminus,31,0.73739756356343
RV032,A,CSplus,32,0
RV032,A,CSminus,33,0
RV032,A,CSplus,34,0
RV032,A,CSminus,35,0
RV032,A,CSplus,36,0
RV032,A,CSplus,37,0.345979818362429
RV032,A,CSminus,38,0
RV032,A,CSplus,39,0
RV032,A,CSminus,40,0
RV032,A,CSplus,41,0.52972243367561
RV032,A,CSminus,42,0
RV032,A,CSminus,43,1.1248682471616
RV032,A,CSplus,44,0
RV032,A,CSplus,45,0
RV032,A,CSminus,46,1.26145011643494
RV032,A,CSplus,47,0
RV032,A,CSminus,48,0
RV032,A,CSplus,49,0
RV032,A,CSplus,50,0
RV032,A,CSminus,51,1.63171776552811
RV032,A,CSminus,52,0
RV032,A,CSplus,53,0
RV032,A,CSminus,54,0
RV032,A,CSplus,55,0
RV032,A,CSminus,56,0
RV038,A,CSminus,1,1.98736130337085
RV038,A,CSplus,2,2.02741572351913
RV038,A,CSminus,3,2.01576909692495
RV038,A,CSplus,4,2.01053692157708
RV038,A,CSplus,5,1.73636542327235
RV038,A,CSminus,6,2.4246915462743
RV038,A,CSminus,7,0.933918429056662
RV038,A,CSplus,8,1.28294146807004
RV038,A,CSminus,9,1.78898380498984
RV038,A,CSplus,10,1.52913973086944
RV038,A,CSminus,11,0
RV038,A,CSminus,12,1.48039404392309
RV038,A,CSplus,13,1.87956333757016
RV038,A,CSminus,14,1.07050021837436
RV038,A,CSplus,15,1.21155925055979
RV038,A,CSplus,16,1.09601913409783
RV038,A,CSminus,17,1.46820633058951
RV038,A,CSplus,18,1.65032211385614
RV038,A,CSminus,19,1.08276273186087
RV038,A,CSplus,20,1.54214414704949
RV038,A,CSminus,21,1.39496224546265
RV038,A,CSplus,22,1.04490543418362
RV038,A,CSplus,23,2.32508968248405
RV038,A,CSminus,24,1.86941823629943
RV038,A,CSplus,25,0.90945915087184
RV038,A,CSminus,26,1.79889367651634
RV038,A,CSplus,27,0.939210947268798
RV038,A,CSminus,28,1.4043266844402
RV038,A,CSplus,29,0.976870802139788
RV038,A,CSminus,30,1.39663541539343
RV038,A,CSminus,31,2.55697000767309
RV038,A,CSplus,32,0.703773596896895
RV038,A,CSminus,33,1.16159125890634
RV038,A,CSplus,34,0.467724094999242
RV038,A,CSminus,35,1.34202422044123
RV038,A,CSplus,36,0.87783228803587
RV038,A,CSplus,37,1.07285731857028
RV038,A,CSminus,38,2.38950632487507
RV038,A,CSplus,39,1.29352276040003
RV038,A,CSminus,40,1.2736200807785
RV038,A,CSplus,41,0.638659742643433
RV038,A,CSminus,42,1.84423774880252
RV038,A,CSminus,43,2.05849082760615
RV038,A,CSplus,44,1.03279337083292
RV038,A,CSplus,45,1.12959772421337
RV038,A,CSminus,46,1.87641634840817
RV038,A,CSplus,47,0
RV038,A,CSminus,48,1.72595853491172
RV038,A,CSplus,49,0
RV038,A,CSplus,50,1.07574105066972
RV038,A,CSminus,51,1.61585483602852
RV038,A,CSminus,52,2.04221902018627
RV038,A,CSplus,53,0
RV038,A,CSminus,54,1.93855774210388
RV038,A,CSplus,55,1.27507870322343
RV038,A,CSminus,56,1.60564643824826
RV043,A,CSminus,1,2.24709519757959
RV043,A,CSplus,2,2.04463158319711
RV043,A,CSminus,3,2.34773265856643
RV043,A,CSplus,4,1.2316133916129
RV043,A,CSplus,5,1.23435109974649
RV043,A,CSminus,6,1.76525396885045
RV043,A,CSminus,7,0
RV043,A,CSplus,8,1.46614383017291
RV043,A,CSminus,9,0
RV043,A,CSplus,10,1.65333274892888
RV043,A,CSminus,11,1.15858935505595
RV043,A,CSminus,12,1.7964756996403
RV043,A,CSplus,13,0.840543310078073
RV043,A,CSminus,14,0.810870368692236
RV043,A,CSplus,15,0
RV043,A,CSplus,16,1.11807408863811
RV043,A,CSminus,17,0.710556531339787
RV043,A,CSplus,18,1.72489388718875
RV043,A,CSminus,19,0.504999366934226
RV043,A,CSplus,20,0.587421648271206
RV043,A,CSminus,21,0
RV043,A,CSplus,22,0.480523136523961
RV043,A,CSplus,23,1.10853519570928
RV043,A,CSminus,24,1.95823787334272
RV043,A,CSplus,25,0
RV043,A,CSminus,26,0
RV043,A,CSplus,27,0
RV043,A,CSminus,28,0
RV043,A,CSplus,29,0
RV043,A,CSminus,30,0.70358328576395
RV043,A,CSminus,31,0.42238709199618
RV043,A,CSplus,32,0
RV043,A,CSminus,33,0
RV043,A,CSplus,34,0
RV043,A,CSminus,35,0
RV043,A,CSplus,36,0
RV043,A,CSplus,37,0
RV043,A,CSminus,38,0.6907991932892
RV043,A,CSplus,39,0.369819530150468
RV043,A,CSminus,40,0
RV043,A,CSplus,41,0
RV043,A,CSminus,42,1.60594784758216
RV043,A,CSminus,43,0
RV043,A,CSplus,44,1.41335218533993
RV043,A,CSplus,45,0
RV043,A,CSminus,46,0.418054802170659
RV043,A,CSplus,47,0
RV043,A,CSminus,48,0.517389735289605
RV043,A,CSplus,49,0
RV043,A,CSplus,50,0.454230645302913
RV043,A,CSminus,51,0.781963424206101
RV043,A,CSminus,52,0
RV043,A,CSplus,53,0.527983864995225
RV043,A,CSminus,54,0
RV043,A,CSplus,55,0.788580322927417
RV043,A,CSminus,56,0
RV047,A,CSminus,1,1.05888648469024
RV047,A,CSplus,2,0.765808815695761
RV047,A,CSminus,3,0.399226163938502
RV047,A,CSplus,4,0.365902496081899
RV047,A,CSplus,5,0.49298426063861
RV047,A,CSminus,6,0
RV047,A,CSminus,7,0
RV047,A,CSplus,8,0.981308368411064
RV047,A,CSminus,9,0
RV047,A,CSplus,10,0.428281930212699
RV047,A,CSminus,11,0
RV047,A,CSminus,12,0
RV047,A,CSplus,13,0
RV047,A,CSminus,14,0
RV047,A,CSplus,15,0.48531047262745
RV047,A,CSplus,16,0.282693536932237
RV047,A,CSminus,17,0
RV047,A,CSplus,18,0.544757114189158
RV047,A,CSminus,19,0
RV047,A,CSplus,20,0.272092628630177
RV047,A,CSminus,21,0
RV047,A,CSplus,22,0
RV047,A,CSplus,23,0.353837763374361
RV047,A,CSminus,24,0.372879830678908
RV047,A,CSplus,25,0
RV047,A,CSminus,26,0.452554349214476
RV047,A,CSplus,27,0.547449479033352
RV047,A,CSminus,28,0.399875558984545
RV047,A,CSplus,29,0
RV047,A,CSminus,30,0
RV047,A,CSminus,31,0.328749728037586
RV047,A,CSplus,32,0.397315148699293
RV047,A,CSminus,33,0
RV047,A,CSplus,34,0
RV047,A,CSminus,35,0
RV047,A,CSplus,36,0
RV047,A,CSplus,37,0
RV047,A,CSminus,38,0
RV047,A,CSplus,39,0
RV047,A,CSminus,40,0
RV047,A,CSplus,41,0
RV047,A,CSminus,42,0
RV047,A,CSminus,43,0
RV047,A,CSplus,44,0
RV047,A,CSplus,45,0
RV047,A,CSminus,46,0.275504185586033
RV047,A,CSplus,47,0
RV047,A,CSminus,48,0
RV047,A,CSplus,49,0
RV047,A,CSplus,50,0
RV047,A,CSminus,51,0
RV047,A,CSminus,52,0
RV047,A,CSplus,53,0
RV047,A,CSminus,54,0
RV047,A,CSplus,55,0
RV047,A,CSminus,56,0
RV048,B,CSplus,1,1.66293852308139
RV048,B,CSminus,2,1.69839702153453
RV048,B,CSminus,3,1.15856993716776
RV048,B,CSplus,4,1.26177695190717
RV048,B,CSminus,5,0.607368779875378
RV048,B,CSplus,6,1.41136845336222
RV048,B,CSminus,7,0.754455305764769
RV048,B,CSplus,8,1.12011833218442
RV048,B,CSminus,9,1.0617332561181
RV048,B,CSplus,10,1.16720755038252
RV048,B,CSminus,11,0.821125024923563
RV048,B,CSplus,12,1.57404416828116
RV048,B,CSminus,13,0.559849974128207
RV048,B,CSminus,14,0.69153153925937
RV048,B,CSplus,15,1.69819872196359
RV048,B,CSplus,16,1.86763933457785
RV048,B,CSminus,17,1.14819809421974
RV048,B,CSplus,18,1.73666650773151
RV048,B,CSminus,19,0.317301288679841
RV048,B,CSplus,20,0.683738066171046
RV048,B,CSminus,21,0.496298218479671
RV048,B,CSplus,22,1.14734336714527
RV048,B,CSplus,23,1.51809163860505
RV048,B,CSminus,24,0.748258202556305
RV048,B,CSplus,25,0.80887222612161
RV048,B,CSminus,26,1.57381159330563
RV048,B,CSplus,27,1.69144270402728
RV048,B,CSminus,28,1.16077951681011
RV048,B,CSplus,29,1.70895965198499
RV048,B,CSminus,30,2.1704157482328
RV048,B,CSminus,31,0.608115658603224
RV048,B,CSplus,32,1.24996635107016
RV048,B,CSminus,33,1.49253872450577
RV048,B,CSplus,34,1.05726941407949
RV048,B,CSminus,35,0.970564001774248
RV048,B,CSplus,36,1.36078900995178
RV048,B,CSplus,37,1.06529910936127
RV048,B,CSminus,38,0.493902700176399
RV048,B,CSplus,39,1.57419299823275
RV048,B,CSminus,40,0.245434746081591
RV048,B,CSplus,41,0.900053941569623
RV048,B,CSminus,42,0.585694990664698
RV048,B,CSminus,43,0.820500669767138
RV048,B,CSplus,44,1.32628503933141
RV048,B,CSplus,45,0
RV048,B,CSminus,46,0.713499636866587
RV048,B,CSplus,47,0.480711953409125
RV048,B,CSminus,48,0.771496885003134
RV048,B,CSminus,49,0.791081377037937
RV048,B,CSplus,50,1.28712185954148
RV048,B,CSplus,51,1.33507689677791
RV048,B,CSplus,52,1.13674030517199
RV048,B,CSminus,53,1.55971853442464
RV048,B,CSminus,54,0.929836303067212
RV048,B,CSplus,55,1.35708248162223
RV048,B,CSminus,56,0.355969138367196
RV053,A,CSminus,1,2.51504851220479
RV053,A,CSplus,2,2.47759685989392
RV053,A,CSminus,3,1.93600435979109
RV053,A,CSplus,4,2.16804284987875
RV053,A,CSplus,5,1.55181570707707
RV053,A,CSminus,6,1.93009852230271
RV053,A,CSminus,7,1.67195697267854
RV053,A,CSplus,8,2.24092774436784
RV053,A,CSminus,9,1.27317395000234
RV053,A,CSplus,10,1.77683533763183
RV053,A,CSminus,11,0.878065346499233
RV053,A,CSminus,12,1.9742234407931
RV053,A,CSplus,13,2.28432399094392
RV053,A,CSminus,14,1.84192958171346
RV053,A,CSplus,15,1.5549308646735
RV053,A,CSplus,16,1.3786567539176
RV053,A,CSminus,17,1.75492642472544
RV053,A,CSplus,18,1.47714838230093
RV053,A,CSminus,19,0.955791774624526
RV053,A,CSplus,20,2.50897023173814
RV053,A,CSminus,21,1.65577786616475
RV053,A,CSplus,22,1.45423006238502
RV053,A,CSplus,23,0.591016766378007
RV053,A,CSminus,24,0
RV053,A,CSplus,25,1.23307760790868
RV053,A,CSminus,26,1.63254705107842
RV053,A,CSplus,27,1.13670913305372
RV053,A,CSminus,28,1.80901304294143
RV053,A,CSplus,29,0.76543788673078506
RV053,A,CSminus,30,1.64059927919535
RV053,A,CSminus,31,1.15367266402713
RV053,A,CSplus,32,0.691870950181553
RV053,A,CSminus,33,1.94343998473039
RV053,A,CSplus,34,1.72442383520949
RV053,A,CSminus,35,1.66484681325561
RV053,A,CSplus,36,1.719936319609
RV053,A,CSplus,37,1.88129850900093
RV053,A,CSminus,38,1.16176842709288
RV053,A,CSplus,39,1.5991839729522
RV053,A,CSminus,40,1.47252944524228
RV053,A,CSplus,41,0.712478396893018
RV053,A,CSminus,42,1.98725687368871
RV053,A,CSminus,43,0.556714530886043
RV053,A,CSplus,44,0
RV053,A,CSplus,45,0.921557618994311
RV053,A,CSminus,46,1.29105576179551
RV053,A,CSplus,47,0.754807147156915
RV053,A,CSminus,48,0
RV053,A,CSplus,49,1.0908152230532
RV053,A,CSplus,50,0.942601322163117
RV053,A,CSminus,51,1.3700767059054
RV053,A,CSminus,52,0.512236950953543
RV053,A,CSplus,53,0.868083490956709
RV053,A,CSminus,54,1.07097364861511
RV053,A,CSplus,55,0.81778294822018
RV053,A,CSminus,56,0
RV055,A,CSminus,1,0
RV055,A,CSplus,2,0
RV055,A,CSminus,3,0.297953770649102
RV055,A,CSplus,4,0
RV055,A,CSplus,5,0
RV055,A,CSminus,6,0
RV055,A,CSminus,7,0.282494284384225
RV055,A,CSplus,8,0
RV055,A,CSminus,9,0
RV055,A,CSplus,10,0
RV055,A,CSminus,11,0
RV055,A,CSminus,12,0.282717265147007
RV055,A,CSplus,13,0.320846330568259
RV055,A,CSminus,14,0.650896939851086
RV055,A,CSplus,15,0
RV055,A,CSplus,16,0
RV055,A,CSminus,17,0
RV055,A,CSplus,18,0
RV055,A,CSminus,19,0.497924470351395
RV055,A,CSplus,20,0.470034970178245
RV055,A,CSminus,21,0
RV055,A,CSplus,22,0
RV055,A,CSplus,23,0
RV055,A,CSminus,24,0
RV055,A,CSplus,25,0.262082162372578
RV055,A,CSminus,26,0
RV055,A,CSplus,27,0
RV055,A,CSminus,28,0
RV055,A,CSplus,29,0
RV055,A,CSminus,30,0.539379883356623
RV055,A,CSminus,31,0
RV055,A,CSplus,32,0
RV055,A,CSminus,33,0
RV055,A,CSplus,34,0
RV055,A,CSminus,35,0
RV055,A,CSplus,36,0
RV055,A,CSplus,37,0
RV055,A,CSminus,38,0.246877981731077
RV055,A,CSplus,39,0
RV055,A,CSminus,40,0
RV055,A,CSplus,41,0
RV055,A,CSminus,42,0
RV055,A,CSminus,43,0
RV055,A,CSplus,44,0.331700658782381
RV055,A,CSplus,45,0.350111474762591
RV055,A,CSminus,46,0.304894553387355
RV055,A,CSplus,47,0.309448838420196
RV055,A,CSminus,48,0
RV055,A,CSplus,49,0
RV055,A,CSplus,50,0
RV055,A,CSminus,51,0
RV055,A,CSminus,52,0.494164195002301
RV055,A,CSplus,53,0
RV055,A,CSminus,54,0
RV055,A,CSplus,55,0
RV055,A,CSminus,56,0
RV056,A,CSminus,1,1.1395847528595
RV056,A,CSplus,2,1.19746858808343
RV056,A,CSminus,3,0.771305849193672
RV056,A,CSplus,4,0.937417200001708
RV056,A,CSplus,5,0.899533502458338
RV056,A,CSminus,6,0.953774912887335
RV056,A,CSminus,7,0.443423537784651
RV056,A,CSplus,8,0.827723937198015
RV056,A,CSminus,9,0.779532843465911
RV056,A,CSplus,10,0.687584560356187
RV056,A,CSminus,11,0.385511274093901
RV056,A,CSminus,12,0.617192895185608
RV056,A,CSplus,13,1.04266187098523
RV056,A,CSminus,14,0.515084364698694
RV056,A,CSplus,15,1.0401444413975
RV056,A,CSplus,16,0.53785269257974
RV056,A,CSminus,17,0.807757819780597
RV056,A,CSplus,18,0.460503086974235
RV056,A,CSminus,19,0.481166945746115
RV056,A,CSplus,20,0.551120471050453
RV056,A,CSminus,21,0.596748436849577
RV056,A,CSplus,22,0.603157439614508
RV056,A,CSplus,23,0.573601097739683
RV056,A,CSminus,24,0.649502949690402
RV056,A,CSplus,25,0.608446708454343
RV056,A,CSminus,26,0.714693350223315
RV056,A,CSplus,27,0.610120041657322
RV056,A,CSminus,28,0.893343251562048
RV056,A,CSplus,29,0.848405018644818
RV056,A,CSminus,30,0.645386221407737
RV056,A,CSminus,31,0.386529999080212
RV056,A,CSplus,32,0.360441082671422
RV056,A,CSminus,33,0.379763585726907
RV056,A,CSplus,34,0.389083858956449
RV056,A,CSminus,35,0.453684218725699
RV056,A,CSplus,36,0.600252739661768
RV056,A,CSplus,37,0.429711752870718
RV056,A,CSminus,38,0.660752322591229
RV056,A,CSplus,39,0.244665519702214
RV056,A,CSminus,40,0.461955682092593
RV056,A,CSplus,41,0.660642099839934
RV056,A,CSminus,42,0.718737340381811
RV056,A,CSminus,43,0.338304574725566
RV056,A,CSplus,44,0
RV056,A,CSplus,45,0
RV056,A,CSminus,46,0.839343829511575
RV056,A,CSplus,47,0
RV056,A,CSminus,48,0
RV056,A,CSplus,49,0.398149454364776
RV056,A,CSplus,50,0.714713728984678
RV056,A,CSminus,51,0
RV056,A,CSminus,52,0
RV056,A,CSplus,53,0
RV056,A,CSminus,54,0.350484371204102
RV056,A,CSplus,55,0
RV056,A,CSminus,56,0.540904018829446
RV059,A,CSminus,1,0.11980588411
RV059,A,CSplus,2,0.650329999972088
RV059,A,CSminus,3,0.585606108525593
RV059,A,CSplus,4,0
RV059,A,CSplus,5,0.610596233520119
RV059,A,CSminus,6,0.479048676900046
RV059,A,CSminus,7,0.170053018682741
RV059,A,CSplus,8,0.534259845106309
RV059,A,CSminus,9,0
RV059,A,CSplus,10,0.236826308094285
RV059,A,CSminus,11,0.157903071884325
RV059,A,CSminus,12,0.293137642312487
RV059,A,CSplus,13,0
RV059,A,CSminus,14,0.39561418119894
RV059,A,CSplus,15,0.218261704865049
RV059,A,CSplus,16,0.180455537122577
RV059,A,CSminus,17,0.121596720787987
RV059,A,CSplus,18,0.384988584202238
RV059,A,CSminus,19,0.160053232729254
RV059,A,CSplus,20,0.0844282633515583
RV059,A,CSminus,21,0
RV059,A,CSplus,22,0.279831304707617
RV059,A,CSplus,23,0.088687141240538
RV059,A,CSminus,24,0.301551172550302
RV059,A,CSplus,25,0.0858453401637098
RV059,A,CSminus,26,0.569560085537267
RV059,A,CSplus,27,0.103119107906382
RV059,A,CSminus,28,0.0868736971039148
RV059,A,CSplus,29,0.0871817608263528
RV059,A,CSminus,30,0.278173706741895
RV059,A,CSminus,31,0
RV059,A,CSplus,32,0.172809388343225
RV059,A,CSminus,33,0.111142913355539
RV059,A,CSplus,34,0.191894901739839
RV059,A,CSminus,35,0.184822620378425
RV059,A,CSplus,36,0.315938762992473
RV059,A,CSplus,37,0.297557237314836
RV059,A,CSminus,38,0.096121932648647
RV059,A,CSplus,39,0.202673143824613
RV059,A,CSminus,40,0.0942559934155471
RV059,A,CSplus,41,0.096487317364664
RV059,A,CSminus,42,0
RV059,A,CSminus,43,0.0884032811037352
RV059,A,CSplus,44,0.0863707500751652
RV059,A,CSplus,45,0
RV059,A,CSminus,46,0.0822365139636773
RV059,A,CSplus,47,0
RV059,A,CSminus,48,0
RV059,A,CSplus,49,0.0842096656216917
RV059,A,CSplus,50,0
RV059,A,CSminus,51,0.189549114186295
RV059,A,CSminus,52,0
RV059,A,CSplus,53,0.0856890444670888
RV059,A,CSminus,54,0.0906862388874191
RV059,A,CSplus,55,0.0820529273212737
RV059,A,CSminus,56,0.392373444133063
RV062,A,CSminus,1,0.827466550368043
RV062,A,CSplus,2,1.67343734770338
RV062,A,CSminus,3,0
RV062,A,CSplus,4,0
RV062,A,CSplus,5,0.749916796691936
RV062,A,CSminus,6,0
RV062,A,CSminus,7,0
RV062,A,CSplus,8,0
RV062,A,CSminus,9,0
RV062,A,CSplus,10,0
RV062,A,CSminus,11,0
RV062,A,CSminus,12,0
RV062,A,CSplus,13,1.47192383411324
RV062,A,CSminus,14,0
RV062,A,CSplus,15,0
RV062,A,CSplus,16,0
RV062,A,CSminus,17,0
RV062,A,CSplus,18,0
RV062,A,CSminus,19,0
RV062,A,CSplus,20,0
RV062,A,CSminus,21,0
RV062,A,CSplus,22,0
RV062,A,CSplus,23,0
RV062,A,CSminus,24,0
RV062,A,CSplus,25,0
RV062,A,CSminus,26,0
RV062,A,CSplus,27,0
RV062,A,CSminus,28,0
RV062,A,CSplus,29,0
RV062,A,CSminus,30,0
RV062,A,CSminus,31,0.482270445721237
RV062,A,CSplus,32,0
RV062,A,CSminus,33,0
RV062,A,CSplus,34,0.329544192735737
RV062,A,CSminus,35,0
RV062,A,CSplus,36,0
RV062,A,CSplus,37,1.70620780654451
RV062,A,CSminus,38,0
RV062,A,CSplus,39,0
RV062,A,CSminus,40,0
RV062,A,CSplus,41,0
RV062,A,CSminus,42,0
RV062,A,CSminus,43,0
RV062,A,CSplus,44,0.4267556551994
RV062,A,CSplus,45,0
RV062,A,CSminus,46,0
RV062,A,CSplus,47,0
RV062,A,CSminus,48,2.05590929611009
RV062,A,CSplus,49,0
RV062,A,CSplus,50,0.407616501452914
RV062,A,CSminus,51,0
RV062,A,CSminus,52,0
RV062,A,CSplus,53,0
RV062,A,CSminus,54,0
RV062,A,CSplus,55,0.331512043354423
RV062,A,CSminus,56,0.689978169686377
RV063,A,CSminus,1,0
RV063,A,CSplus,2,2.89019578432496
RV063,A,CSminus,3,0
RV063,A,CSplus,4,2.71348733159259
RV063,A,CSplus,5,3.49204378421127
RV063,A,CSminus,6,1.52736241933224
RV063,A,CSminus,7,0
RV063,A,CSplus,8,1.84621317472797
RV063,A,CSminus,9,0.676296704232178
RV063,A,CSplus,10,3.76562495567379
RV063,A,CSminus,11,3.29022734234658
RV063,A,CSminus,12,2.2437117302932
RV063,A,CSplus,13,3.15518632243068
RV063,A,CSminus,14,0
RV063,A,CSplus,15,2.42083767826026
RV063,A,CSplus,16,3.12691334742425
RV063,A,CSminus,17,0
RV063,A,CSplus,18,3.4671565286008
RV063,A,CSminus,19,0
RV063,A,CSplus,20,2.57325303097641
RV063,A,CSminus,21,1.1499103605589
RV063,A,CSplus,22,3.80786194619853
RV063,A,CSplus,23,2.46885416042698
RV063,A,CSminus,24,0
RV063,A,CSplus,25,2.57490081387298
RV063,A,CSminus,26,2.8757593507033
RV063,A,CSplus,27,0
RV063,A,CSminus,28,1.63864187940677
RV063,A,CSplus,29,1.80712624046809
RV063,A,CSminus,30,0.506656018021311
RV063,A,CSminus,31,3.03659144302426
RV063,A,CSplus,32,1.78298042206726
RV063,A,CSminus,33,0.53663910597411
RV063,A,CSplus,34,0
RV063,A,CSminus,35,1.00450978974497
RV063,A,CSplus,36,0.876496033546907
RV063,A,CSplus,37,1.6403665958708
RV063,A,CSminus,38,1.12202323211571
RV063,A,CSplus,39,0.519827053321896
RV063,A,CSminus,40,0
RV063,A,CSplus,41,0
RV063,A,CSminus,42,2.05687612593383
RV063,A,CSminus,43,2.2235950902079
RV063,A,CSplus,44,1.07237217899203
RV063,A,CSplus,45,2.41751373000452
RV063,A,CSminus,46,2.28381969527824
RV063,A,CSplus,47,2.06527927332903
RV063,A,CSminus,48,3.27366873953203
RV063,A,CSplus,49,0
RV063,A,CSplus,50,1.21924746032265
RV063,A,CSminus,51,0.637349117856793
RV063,A,CSminus,52,2.7890923096194
RV063,A,CSplus,53,1.35043579585305
RV063,A,CSminus,54,1.48859970005154
RV063,A,CSplus,55,0
RV063,A,CSminus,56,1.82653237523426
RV065,A,CSminus,1,1.20445366363513
RV065,A,CSplus,2,0.862751615646486
RV065,A,CSminus,3,0
RV065,A,CSplus,4,1.08084990125826
RV065,A,CSplus,5,1.04010966367126
RV065,A,CSminus,6,0
RV065,A,CSminus,7,0.558444040222432
RV065,A,CSplus,8,0
RV065,A,CSminus,9,0.399729251460477
RV065,A,CSplus,10,0.364385694392476
RV065,A,CSminus,11,0.398079904749947
RV065,A,CSminus,12,0.489822266188463
RV065,A,CSplus,13,0.487128447782666
RV065,A,CSminus,14,0
RV065,A,CSplus,15,0.356651339150498
RV065,A,CSplus,16,0.359277028628161
RV065,A,CSminus,17,0.410479281251309
RV065,A,CSplus,18,0.386823634658164
RV065,A,CSminus,19,0
RV065,A,CSplus,20,0
RV065,A,CSminus,21,0
RV065,A,CSplus,22,0
RV065,A,CSplus,23,0
RV065,A,CSminus,24,0
RV065,A,CSplus,25,0.476135015718938
RV065,A,CSminus,26,0
RV065,A,CSplus,27,0
RV065,A,CSminus,28,0
RV065,A,CSplus,29,0.570488392902685
RV065,A,CSminus,30,0.496555970840346
RV065,A,CSminus,31,0
RV065,A,CSplus,32,0.450437212592244
RV065,A,CSminus,33,0
RV065,A,CSplus,34,0
RV065,A,CSminus,35,0
RV065,A,CSplus,36,0
RV065,A,CSplus,37,0.41093697990446
RV065,A,CSminus,38,0
RV065,A,CSplus,39,0.380371357532068
RV065,A,CSminus,40,0
RV065,A,CSplus,41,0
RV065,A,CSminus,42,0
RV065,A,CSminus,43,0.475805897676073
RV065,A,CSplus,44,0.378720432389685
RV065,A,CSplus,45,0
RV065,A,CSminus,46,0
RV065,A,CSplus,47,0
RV065,A,CSminus,48,0.489438342733376
RV065,A,CSplus,49,0
RV065,A,CSplus,50,0.486291622609588
RV065,A,CSminus,51,0.637899089452997
RV065,A,CSminus,52,0
RV065,A,CSplus,53,0
RV065,A,CSminus,54,0.393727444219973
RV065,A,CSplus,55,0.372211863588647
RV065,A,CSminus,56,0.668078217996721
RV066,A,CSminus,1,0.925765172576268
RV066,A,CSplus,2,0.763263182220342
RV066,A,CSminus,3,0
RV066,A,CSplus,4,0
RV066,A,CSplus,5,0
RV066,A,CSminus,6,0
RV066,A,CSminus,7,0
RV066,A,CSplus,8,0
RV066,A,CSminus,9,0
RV066,A,CSplus,10,0
RV066,A,CSminus,11,0
RV066,A,CSminus,12,0
RV066,A,CSplus,13,0.56705565380013
RV066,A,CSminus,14,0
RV066,A,CSplus,15,0
RV066,A,CSplus,16,0
RV066,A,CSminus,17,0
RV066,A,CSplus,18,0.787123501409443
RV066,A,CSminus,19,0
RV066,A,CSplus,20,0
RV066,A,CSminus,21,0
RV066,A,CSplus,22,0
RV066,A,CSplus,23,0
RV066,A,CSminus,24,0
RV066,A,CSplus,25,0
RV066,A,CSminus,26,0
RV066,A,CSplus,27,0
RV066,A,CSminus,28,0
RV066,A,CSplus,29,0
RV066,A,CSminus,30,0
RV066,A,CSminus,31,0
RV066,A,CSplus,32,0.787123501409443
RV066,A,CSminus,33,0
RV066,A,CSplus,34,0.905279544064712
RV066,A,CSminus,35,0
RV066,A,CSplus,36,0
RV066,A,CSplus,37,0
RV066,A,CSminus,38,0
RV066,A,CSplus,39,0
RV066,A,CSminus,40,0
RV066,A,CSplus,41,0.745430672928003
RV066,A,CSminus,42,0
RV066,A,CSminus,43,0
RV066,A,CSplus,44,1.2504097413978
RV066,A,CSplus,45,0
RV066,A,CSminus,46,1.52058357754513
RV066,A,CSplus,47,0
RV066,A,CSminus,48,2.2068899752106
RV066,A,CSplus,49,0
RV066,A,CSplus,50,1.33679953259858
RV066,A,CSminus,51,0.77185743085827
RV066,A,CSminus,52,2.46403382546969
RV066,A,CSplus,53,0
RV066,A,CSminus,54,0
RV066,A,CSplus,55,0.784489872942496
RV066,A,CSminus,56,0.845894514194065
RV071,A,CSminus,1,1.47597562063476
RV071,A,CSplus,2,1.54913760786908
RV071,A,CSminus,3,0.468381073820793
RV071,A,CSplus,4,1.0611600957523
RV071,A,CSplus,5,1.19190953250559
RV071,A,CSminus,6,1.62896440775467
RV071,A,CSminus,7,0.226470587030742
RV071,A,CSplus,8,0.727524780650622
RV071,A,CSminus,9,0.273235009617256
RV071,A,CSplus,10,1.0573071792322
RV071,A,CSminus,11,0.21527765836368
RV071,A,CSminus,12,0.762820969060728
RV071,A,CSplus,13,0.338476289786941
RV071,A,CSminus,14,0.201288536465859
RV071,A,CSplus,15,0
RV071,A,CSplus,16,0.573296622918783
RV071,A,CSminus,17,0
RV071,A,CSplus,18,0
RV071,A,CSminus,19,0
RV071,A,CSplus,20,0
RV071,A,CSminus,21,0.378952597088651
RV071,A,CSplus,22,0.931584798882967
RV071,A,CSplus,23,0
RV071,A,CSminus,24,0.984455552689402
RV071,A,CSplus,25,0
RV071,A,CSminus,26,0.238579365144626
RV071,A,CSplus,27,0
RV071,A,CSminus,28,0.206817489003172
RV071,A,CSplus,29,0
RV071,A,CSminus,30,0.918956905311301
RV071,A,CSminus,31,0
RV071,A,CSplus,32,0
RV071,A,CSminus,33,0
RV071,A,CSplus,34,0
RV071,A,CSminus,35,0
RV071,A,CSplus,36,0
RV071,A,CSplus,37,0
RV071,A,CSminus,38,0
RV071,A,CSplus,39,0.387958262435427
RV071,A,CSminus,40,0
RV071,A,CSplus,41,0.322536505197029
RV071,A,CSminus,42,0.277368689986944
RV071,A,CSminus,43,0.567275697538192
RV071,A,CSplus,44,0
RV071,A,CSplus,45,0
RV071,A,CSminus,46,0.359612409558326
RV071,A,CSplus,47,0
RV071,A,CSminus,48,0
RV071,A,CSplus,49,0
RV071,A,CSplus,50,0.276127977759969
RV071,A,CSminus,51,0
RV071,A,CSminus,52,0
RV071,A,CSplus,53,0
RV071,A,CSminus,54,0
RV071,A,CSplus,55,0
RV071,A,CSminus,56,0
RV072,A,CSminus,1,2.13169802892038
RV072,A,CSplus,2,1.86907579361353
RV072,A,CSminus,3,2.77057876024775
RV072,A,CSplus,4,2.14046778705628
RV072,A,CSplus,5,2.00459618313213
RV072,A,CSminus,6,2.17810831704562
RV072,A,CSminus,7,1.10555644066672
RV072,A,CSplus,8,0.953767949037793
RV072,A,CSminus,9,1.50325072444479
RV072,A,CSplus,10,1.59316500692986
RV072,A,CSminus,11,0.799585385060075
RV072,A,CSminus,12,1.59769293605855
RV072,A,CSplus,13,1.2621462862321
RV072,A,CSminus,14,1.8935748524999
RV072,A,CSplus,15,1.62410512792936
RV072,A,CSplus,16,1.87610189525137
RV072,A,CSminus,17,1.44277774715362
RV072,A,CSplus,18,2.25024542965081
RV072,A,CSminus,19,1.43955672530503
RV072,A,CSplus,20,0.713078502811801
RV072,A,CSminus,21,1.71049644097812
RV072,A,CSplus,22,2.06336719847661
RV072,A,CSplus,23,2.01720378762714
RV072,A,CSminus,24,1.8543661580623
RV072,A,CSplus,25,0.530606548884293
RV072,A,CSminus,26,1.17710561581219
RV072,A,CSplus,27,1.26627443748939
RV072,A,CSminus,28,1.64178392177192
RV072,A,CSplus,29,0.858109837016688
RV072,A,CSminus,30,1.40902839475213
RV072,A,CSminus,31,0.633657605587678
RV072,A,CSplus,32,1.37473033743825
RV072,A,CSminus,33,1.18376058425719
RV072,A,CSplus,34,0
RV072,A,CSminus,35,0.60337061595384
RV072,A,CSplus,36,0.690574518212088
RV072,A,CSplus,37,1.5073563541948
RV072,A,CSminus,38,1.12698876317907
RV072,A,CSplus,39,1.0794846725158
RV072,A,CSminus,40,0
RV072,A,CSplus,41,1.80914041573676
RV072,A,CSminus,42,1.73421072418471
RV072,A,CSminus,43,2.02576413908005
RV072,A,CSplus,44,1.80512773230778
RV072,A,CSplus,45,1.2723120270373
RV072,A,CSminus,46,0
RV072,A,CSplus,47,1.92313878517058
RV072,A,CSminus,48,2.09183169817056
RV072,A,CSplus,49,0
RV072,A,CSplus,50,0
RV072,A,CSminus,51,1.31490610528423
RV072,A,CSminus,52,0.907700021272103
RV072,A,CSplus,53,1.70075343016911
RV072,A,CSminus,54,1.24481301463829
RV072,A,CSplus,55,2.29113197783955
RV072,A,CSminus,56,0.896372358162489
RV073,A,CSminus,1,0
RV073,A,CSplus,2,0.407044923147539
RV073,A,CSminus,3,0
RV073,A,CSplus,4,0
RV073,A,CSplus,5,0
RV073,A,CSminus,6,0.38313230624937
RV073,A,CSminus,7,0
RV073,A,CSplus,8,0
RV073,A,CSminus,9,0
RV073,A,CSplus,10,0
RV073,A,CSminus,11,0
RV073,A,CSminus,12,0
RV073,A,CSplus,13,0
RV073,A,CSminus,14,0
RV073,A,CSplus,15,0
RV073,A,CSplus,16,0
RV073,A,CSminus,17,0
RV073,A,CSplus,18,0
RV073,A,CSminus,19,0.397847454695527
RV073,A,CSplus,20,0
RV073,A,CSminus,21,0
RV073,A,CSplus,22,0
RV073,A,CSplus,23,0
RV073,A,CSminus,24,0.943349229736955
RV073,A,CSplus,25,0.598231418461119
RV073,A,CSminus,26,0
RV073,A,CSplus,27,0
RV073,A,CSminus,28,0
RV073,A,CSplus,29,0
RV073,A,CSminus,30,0.620617491392001
RV073,A,CSminus,31,0.690625026010793
RV073,A,CSplus,32,0.385059681792909
RV073,A,CSminus,33,0
RV073,A,CSplus,34,0
RV073,A,CSminus,35,1.9224949350836
RV073,A,CSplus,36,0
RV073,A,CSplus,37,0
RV073,A,CSminus,38,0
RV073,A,CSplus,39,1.84885628408693
RV073,A,CSminus,40,0.397847454695527
RV073,A,CSplus,41,0
RV073,A,CSminus,42,0.581861321690934
RV073,A,CSminus,43,0.541961010755577
RV073,A,CSplus,44,0
RV073,A,CSplus,45,0.458293463271518
RV073,A,CSminus,46,0.776592217856371
RV073,A,CSplus,47,0
RV073,A,CSminus,48,1.18041534508466
RV073,A,CSplus,49,0
RV073,A,CSplus,50,0.630367629811268
RV073,A,CSminus,51,0.458447278836604
RV073,A,CSminus,52,0
RV073,A,CSplus,53,0
RV073,A,CSminus,54,0.38156491928902
RV073,A,CSplus,55,0
RV073,A,CSminus,56,0.467357393968337
RV081,B,CSplus,1,0.993398328100458
RV081,B,CSminus,2,1.32532883623716
RV081,B,CSminus,3,1.06816268346521
RV081,B,CSplus,4,1.30775322570903
RV081,B,CSminus,5,1.1253825510574
RV081,B,CSplus,6,1.22767880933175
RV081,B,CSminus,7,0.927182069253755
RV081,B,CSplus,8,0.993981620494305
RV081,B,CSminus,9,1.17703381024069
RV081,B,CSplus,10,1.54015899166283
RV081,B,CSminus,11,1.05575924983669
RV081,B,CSplus,12,1.13865481183984
RV081,B,CSminus,13,0.815438381072844
RV081,B,CSminus,14,1.06620318017252
RV081,B,CSplus,15,1.22881692430788
RV081,B,CSplus,16,1.12671479518097
RV081,B,CSminus,17,1.05516702493463
RV081,B,CSplus,18,0.945581873520971
RV081,B,CSminus,19,0.370432521962069
RV081,B,CSplus,20,0.804479782975697
RV081,B,CSminus,21,0.866494789248706
RV081,B,CSplus,22,0.815758873959639
RV081,B,CSplus,23,0.930400207750117
RV081,B,CSminus,24,1.13345279818015
RV081,B,CSplus,25,0.657339271078174
RV081,B,CSminus,26,1.32707702059547
RV081,B,CSplus,27,0.717897749027474
RV081,B,CSminus,28,0.960795711688283
RV081,B,CSplus,29,1.0910169917266
RV081,B,CSminus,30,0.619511044007619
RV081,B,CSminus,31,0.455298206570583
RV081,B,CSplus,32,0.488020108905094
RV081,B,CSminus,33,1.1108168057045
RV081,B,CSplus,34,0.721277596516156
RV081,B,CSminus,35,1.11460610052821
RV081,B,CSplus,36,1.07725287226656
RV081,B,CSplus,37,0.903592733309745
RV081,B,CSminus,38,0.454973591031171
RV081,B,CSplus,39,0.765757994733987
RV081,B,CSminus,40,0.719794945118406
RV081,B,CSplus,41,0.56816342713388
RV081,B,CSminus,42,0.479041558296688
RV081,B,CSminus,43,0.968782356682144
RV081,B,CSplus,44,0.762903120038282
RV081,B,CSplus,45,0.752523818426287
RV081,B,CSminus,46,0.352543549997997
RV081,B,CSplus,47,0.862300637700314
RV081,B,CSminus,48,0.997109546407786
RV081,B,CSminus,49,0.743468285807169
RV081,B,CSplus,50,0.604017564463413
RV081,B,CSplus,51,0.327821365069769
RV081,B,CSplus,52,0
RV081,B,CSminus,53,0.224886573899497
RV081,B,CSminus,54,1.14149585842628
RV081,B,CSplus,55,0
RV081,B,CSminus,56,0.801252338401558
RV082,B,CSplus,1,2.44935938700783
RV082,B,CSminus,2,1.05387808645488
RV082,B,CSminus,3,1.74067973539998
RV082,B,CSplus,4,2.13476163128694
RV082,B,CSminus,5,0.708371044342195
RV082,B,CSplus,6,1.7549245910948
RV082,B,CSminus,7,1.46636006116012
RV082,B,CSplus,8,0.889844237415893
RV082,B,CSminus,9,0.533089574073326
RV082,B,CSplus,10,1.39838512372144
RV082,B,CSminus,11,0.434006175539094
RV082,B,CSplus,12,0.890361804631517
RV082,B,CSminus,13,0
RV082,B,CSminus,14,0
RV082,B,CSplus,15,2.28679061386399
RV082,B,CSplus,16,0.742093389819355
RV082,B,CSminus,17,3.61573343585241
RV082,B,CSplus,18,0
RV082,B,CSminus,19,1.69142349012908
RV082,B,CSplus,20,0
RV082,B,CSminus,21,0
RV082,B,CSplus,22,0
RV082,B,CSplus,23,0.514154523418241
RV082,B,CSminus,24,0
RV082,B,CSplus,25,0.537765723891275
RV082,B,CSminus,26,0
RV082,B,CSplus,27,0.348110630863763
RV082,B,CSminus,28,0.407440757103765
RV082,B,CSplus,29,0.525292458792585
RV082,B,CSminus,30,0.556653258711437
RV082,B,CSminus,31,1.24423167336984
RV082,B,CSplus,32,0.637940356807882
RV082,B,CSminus,33,0
RV082,B,CSplus,34,0
RV082,B,CSminus,35,0.624582025722362
RV082,B,CSplus,36,0.709896307737204
RV082,B,CSplus,37,0
RV082,B,CSminus,38,0
RV082,B,CSplus,39,1.13297722993444
RV082,B,CSminus,40,0.304595774522859
RV082,B,CSplus,41,0.34277617505114
RV082,B,CSminus,42,2.20727831336593
RV082,B,CSminus,43,0.488955126660501
RV082,B,CSplus,44,0.434651812540122
RV082,B,CSplus,45,0.809851637741595
RV082,B,CSminus,46,0.443637223775978
RV082,B,CSplus,47,0.453637950499219
RV082,B,CSminus,48,0
RV082,B,CSminus,49,1.25422076859417
RV082,B,CSplus,50,0.532488062373639
RV082,B,CSplus,51,0
RV082,B,CSplus,52,0
RV082,B,CSminus,53,0
RV082,B,CSminus,54,0.73487868535227
RV082,B,CSplus,55,0
RV082,B,CSminus,56,0.683093696575152
RV083,A,CSminus,1,1.72956966868789
RV083,A,CSplus,2,1.3777587970947
RV083,A,CSminus,3,0.751857824578106
RV083,A,CSplus,4,0.521296586707541
RV083,A,CSplus,5,0.537658331998224
RV083,A,CSminus,6,1.08860240268993
RV083,A,CSminus,7,0
RV083,A,CSplus,8,0.357977375314822
RV083,A,CSminus,9,0.872362055978498
RV083,A,CSplus,10,0.766430741914104
RV083,A,CSminus,11,0.890790920259359
RV083,A,CSminus,12,0.945216880574451
RV083,A,CSplus,13,1.62747530390613
RV083,A,CSminus,14,0
RV083,A,CSplus,15,0.622275773849519
RV083,A,CSplus,16,0
RV083,A,CSminus,17,1.23119442120263
RV083,A,CSplus,18,1.39475833619509
RV083,A,CSminus,19,0.366064535076318
RV083,A,CSplus,20,0.344030134258012
RV083,A,CSminus,21,0.644887905865431
RV083,A,CSplus,22,1.10057289470704
RV083,A,CSplus,23,1.23815268329925
RV083,A,CSminus,24,0.856286285106037
RV083,A,CSplus,25,0.693825752394213
RV083,A,CSminus,26,0.759637458934985
RV083,A,CSplus,27,0
RV083,A,CSminus,28,0.470840627598546
RV083,A,CSplus,29,0.709422364534135
RV083,A,CSminus,30,0.821909784458325
RV083,A,CSminus,31,0.480626684907679
RV083,A,CSplus,32,0
RV083,A,CSminus,33,0.503785509967761
RV083,A,CSplus,34,0
RV083,A,CSminus,35,0
RV083,A,CSplus,36,0
RV083,A,CSplus,37,0
RV083,A,CSminus,38,0.386287193061225
RV083,A,CSplus,39,0
RV083,A,CSminus,40,0.37049552380635
RV083,A,CSplus,41,0
RV083,A,CSminus,42,0
RV083,A,CSminus,43,0.508573867399962
RV083,A,CSplus,44,0
RV083,A,CSplus,45,0
RV083,A,CSminus,46,0.366457659802181
RV083,A,CSplus,47,0.558199193109588
RV083,A,CSminus,48,0.51811045787733
RV083,A,CSplus,49,1.27536863789308
RV083,A,CSplus,50,0
RV083,A,CSminus,51,0.339748453971332
RV083,A,CSminus,52,0
RV083,A,CSplus,53,0.715988268325907
RV083,A,CSminus,54,0.611421633099606
RV083,A,CSplus,55,0
RV083,A,CSminus,56,1.10351260970252
RV085,B,CSplus,1,0.62734558677926
RV085,B,CSminus,2,0.82667278906535
RV085,B,CSminus,3,0.396974998538436
RV085,B,CSplus,4,0
RV085,B,CSminus,5,0.319595236813249
RV085,B,CSplus,6,0.309741328418612
RV085,B,CSminus,7,0.576830827138666
RV085,B,CSplus,8,0
RV085,B,CSminus,9,0.539116120840213
RV085,B,CSplus,10,0.766540935493498
RV085,B,CSminus,11,0
RV085,B,CSplus,12,0.595462497807654
RV085,B,CSminus,13,0
RV085,B,CSminus,14,0
RV085,B,CSplus,15,0.587483321349515
RV085,B,CSplus,16,0
RV085,B,CSminus,17,0
RV085,B,CSplus,18,0
RV085,B,CSminus,19,0
RV085,B,CSplus,20,0
RV085,B,CSminus,21,0
RV085,B,CSplus,22,0
RV085,B,CSplus,23,0.733342492995469
RV085,B,CSminus,24,0
RV085,B,CSplus,25,0.410249737158338
RV085,B,CSminus,26,0.523060487301446
RV085,B,CSplus,27,0.331707239308086
RV085,B,CSminus,28,0
RV085,B,CSplus,29,0
RV085,B,CSminus,30,0.345180293549993
RV085,B,CSminus,31,0.443008868348106
RV085,B,CSplus,32,0
RV085,B,CSminus,33,0
RV085,B,CSplus,34,0
RV085,B,CSminus,35,0
RV085,B,CSplus,36,0
RV085,B,CSplus,37,0
RV085,B,CSminus,38,0.317950224111325
RV085,B,CSplus,39,0
RV085,B,CSminus,40,0
RV085,B,CSplus,41,0
RV085,B,CSminus,42,0
RV085,B,CSminus,43,0
RV085,B,CSplus,44,0
RV085,B,CSplus,45,0
RV085,B,CSminus,46,0
RV085,B,CSplus,47,0
RV085,B,CSminus,48,0.353404687003662
RV085,B,CSminus,49,0
RV085,B,CSplus,50,0
RV085,B,CSplus,51,0.65976155309419
RV085,B,CSplus,52,0
RV085,B,CSminus,53,0
RV085,B,CSminus,54,0
RV085,B,CSplus,55,0
RV085,B,CSminus,56,0
RV086,B,CSplus,1,3.79781832895762
RV086,B,CSminus,2,3.37094750281507
RV086,B,CSminus,3,3.01831218938802
RV086,B,CSplus,4,2.7671568820199
RV086,B,CSminus,5,2.89813824293836
RV086,B,CSplus,6,3.06472394880155
RV086,B,CSminus,7,3.35824843510822
RV086,B,CSplus,8,2.79620521349569
RV086,B,CSminus,9,3.05484299111203
RV086,B,CSplus,10,2.45968930549714
RV086,B,CSminus,11,2.88086169646968
RV086,B,CSplus,12,3.00860239238947
RV086,B,CSminus,13,1.57573488315389
RV086,B,CSminus,14,2.57306619892149
RV086,B,CSplus,15,1.96500535036913
RV086,B,CSplus,16,2.9888167503511
RV086,B,CSminus,17,2.80747841216817
RV086,B,CSplus,18,2.38091815714177
RV086,B,CSminus,19,2.55248969613905
RV086,B,CSplus,20,1.81141851289693
RV086,B,CSminus,21,0.56479565502515
RV086,B,CSplus,22,0
RV086,B,CSplus,23,0.949069994468187
RV086,B,CSminus,24,0.562492706982816
RV086,B,CSplus,25,0
RV086,B,CSminus,26,3.00075425800383
RV086,B,CSplus,27,2.07872024403803
RV086,B,CSminus,28,0
RV086,B,CSplus,29,0
RV086,B,CSminus,30,1.40383552611316
RV086,B,CSminus,31,2.89449685993172
RV086,B,CSplus,32,0
RV086,B,CSminus,33,2.92642249159931
RV086,B,CSplus,34,0
RV086,B,CSminus,35,0
RV086,B,CSplus,36,1.98619480853635
RV086,B,CSplus,37,1.57912927871961
RV086,B,CSminus,38,3.11805001101883
RV086,B,CSplus,39,0.508880763059045
RV086,B,CSminus,40,0
RV086,B,CSplus,41,0.563261402533791
RV086,B,CSminus,42,3.25560377276549
RV086,B,CSminus,43,0
RV086,B,CSplus,44,2.43899896161811
RV086,B,CSplus,45,0.928560842159042
RV086,B,CSminus,46,3.33286741785049
RV086,B,CSplus,47,0
RV086,B,CSminus,48,0
RV086,B,CSminus,49,2.48702318435018
RV086,B,CSplus,50,0.565561220479945
RV086,B,CSplus,51,0.480340702040346
RV086,B,CSplus,52,0
RV086,B,CSminus,53,1.92617033439066
RV086,B,CSminus,54,2.47037454690765
RV086,B,CSplus,55,0
RV086,B,CSminus,56,2.51134778657793
RV087,B,CSplus,1,1.45099325358244
RV087,B,CSminus,2,1.46331999666437
RV087,B,CSminus,3,0.53875596756401
RV087,B,CSplus,4,1.58342026077775
RV087,B,CSminus,5,0.273912646560104
RV087,B,CSplus,6,0.980614473424764
RV087,B,CSminus,7,1.23406726225324
RV087,B,CSplus,8,0.774374467735234
RV087,B,CSminus,9,0.506587387942881
RV087,B,CSplus,10,0.458844355085877
RV087,B,CSminus,11,1.49687548862363
RV087,B,CSplus,12,1.71649531166208
RV087,B,CSminus,13,0
RV087,B,CSminus,14,0.861164708995742
RV087,B,CSplus,15,0.758300348337786
RV087,B,CSplus,16,1.36532112208001
RV087,B,CSminus,17,1.38248126859314
RV087,B,CSplus,18,1.24054834839452
RV087,B,CSminus,19,0.960366748841581
RV087,B,CSplus,20,1.50518008403426
RV087,B,CSminus,21,0.439974212019963
RV087,B,CSplus,22,1.23333531244848
RV087,B,CSplus,23,1.81234415169669
RV087,B,CSminus,24,0.952062571530592
RV087,B,CSplus,25,0.254675262271411
RV087,B,CSminus,26,1.30616072438698
RV087,B,CSplus,27,0.837227383501959
RV087,B,CSminus,28,1.00565832954159
RV087,B,CSplus,29,0.65286991900275
RV087,B,CSminus,30,1.77281088134234
RV087,B,CSminus,31,1.54628800482624
RV087,B,CSplus,32,0.773791192030397
RV087,B,CSminus,33,1.01181759376379
RV087,B,CSplus,34,0.368809435542045
RV087,B,CSminus,35,0.989512439399308
RV087,B,CSplus,36,0.851294727374815
RV087,B,CSplus,37,0
RV087,B,CSminus,38,0.258690358911834
RV087,B,CSplus,39,0.483975486545313
RV087,B,CSminus,40,0.372674746611739
RV087,B,CSplus,41,1.0170328088605
RV087,B,CSminus,42,0.926195127922681
RV087,B,CSminus,43,1.2729985589626
RV087,B,CSplus,44,0.462381683386822
RV087,B,CSplus,45,0
RV087,B,CSminus,46,0.437804910239408
RV087,B,CSplus,47,0.883410631772722
RV087,B,CSminus,48,0.762881563463376
RV087,B,CSminus,49,1.7143210109179
RV087,B,CSplus,50,1.31740677990221
RV087,B,CSplus,51,0.921999636423054
RV087,B,CSplus,52,0
RV087,B,CSminus,53,0.304846258801987
RV087,B,CSminus,54,0.5072844203
RV087,B,CSplus,55,1.01387204784618
RV087,B,CSminus,56,1.05152886350808
RV102,A,CSminus,1,1.01746493602522
RV102,A,CSplus,2,1.1668551892296
RV102,A,CSminus,3,1.00463114587237
RV102,A,CSplus,4,1.17209180196578
RV102,A,CSplus,5,1.11013724723443
RV102,A,CSminus,6,0.658543254313123
RV102,A,CSminus,7,0
RV102,A,CSplus,8,1.11982633105166
RV102,A,CSminus,9,0.437885442430458
RV102,A,CSplus,10,0.871483904179411
RV102,A,CSminus,11,0.681503533786978
RV102,A,CSminus,12,0.759721869394552
RV102,A,CSplus,13,1.14272263714704
RV102,A,CSminus,14,0.740550326942141
RV102,A,CSplus,15,0.591713069776068
RV102,A,CSplus,16,0.845898438594358
RV102,A,CSminus,17,0.354217321791404
RV102,A,CSplus,18,0.820257922582351
RV102,A,CSminus,19,0.31723709178933
RV102,A,CSplus,20,0.730015570061878
RV102,A,CSminus,21,0.32901030339003
RV102,A,CSplus,22,0.96093149719182
RV102,A,CSplus,23,0.894231238750453
RV102,A,CSminus,24,0.605425825024345
RV102,A,CSplus,25,0.783920440243441
RV102,A,CSminus,26,0.79300906222088
RV102,A,CSplus,27,0.217128076238175
RV102,A,CSminus,28,0.293814424835207
RV102,A,CSplus,29,0.389456862072604
RV102,A,CSminus,30,0.726709048074898
RV102,A,CSminus,31,0.647251297685742
RV102,A,CSplus,32,0.596379466205287
RV102,A,CSminus,33,0
RV102,A,CSplus,34,0.252579876000859
RV102,A,CSminus,35,0
RV102,A,CSplus,36,0
RV102,A,CSplus,37,0
RV102,A,CSminus,38,0.31283752496017603
RV102,A,CSplus,39,0
RV102,A,CSminus,40,0.265593604085247
RV102,A,CSplus,41,0.235208732557479
RV102,A,CSminus,42,0.40666896192858
RV102,A,CSminus,43,0.847732530485616
RV102,A,CSplus,44,0
RV102,A,CSplus,45,0
RV102,A,CSminus,46,0.364394592273285
RV102,A,CSplus,47,0.488218642687242
RV102,A,CSminus,48,0.74335906518543
RV102,A,CSplus,49,0
RV102,A,CSplus,50,0.311262459445689
RV102,A,CSminus,51,0
RV102,A,CSminus,52,0.881610540817259
RV102,A,CSplus,53,0.269232797574495
RV102,A,CSminus,54,0.932101535874671
RV102,A,CSplus,55,0
RV102,A,CSminus,56,0.64384036040738
RV103,B,CSplus,1,1.19450213308205
RV103,B,CSminus,2,0.950094926647106
RV103,B,CSminus,3,0.956101456997717
RV103,B,CSplus,4,0.715852730023333
RV103,B,CSminus,5,0.43658934735552
RV103,B,CSplus,6,0.961954561211172
RV103,B,CSminus,7,0.450109885781151
RV103,B,CSplus,8,0.562302772414324
RV103,B,CSminus,9,0.76308275248691
RV103,B,CSplus,10,0.622616766389261
RV103,B,CSminus,11,0.323919635926701
RV103,B,CSplus,12,0.635821095718747
RV103,B,CSminus,13,0
RV103,B,CSminus,14,0.254948885998759
RV103,B,CSplus,15,0.715450160632486
RV103,B,CSplus,16,0.778885689574562
RV103,B,CSminus,17,0.207165421985196
RV103,B,CSplus,18,0.584109577088389
RV103,B,CSminus,19,0.368329907817188
RV103,B,CSplus,20,0.639377593758078
RV103,B,CSminus,21,0.393767977739746
RV103,B,CSplus,22,0.402890505161139
RV103,B,CSplus,23,0.844624053875416
RV103,B,CSminus,24,0.286496839147317
RV103,B,CSplus,25,0.591917227033918
RV103,B,CSminus,26,0.850632411219164
RV103,B,CSplus,27,0.538546581288635
RV103,B,CSminus,28,0.598180084150453
RV103,B,CSplus,29,0.421535590876813
RV103,B,CSminus,30,0.63885410962721
RV103,B,CSminus,31,0.724203670418243
RV103,B,CSplus,32,0.547242765702189
RV103,B,CSminus,33,0.806852918935303
RV103,B,CSplus,34,0.407956490942659
RV103,B,CSminus,35,0.607323255952872
RV103,B,CSplus,36,0.361478910804365
RV103,B,CSplus,37,0.481802595570368
RV103,B,CSminus,38,0.519342630757569
RV103,B,CSplus,39,0.338537718225389
RV103,B,CSminus,40,0.313746789674115
RV103,B,CSplus,41,0.246723748477647
RV103,B,CSminus,42,0
RV103,B,CSminus,43,0.561955585158647
RV103,B,CSplus,44,0.598071319896685
RV103,B,CSplus,45,0.3198195875826
RV103,B,CSminus,46,0.393956744758134
RV103,B,CSplus,47,0.363555435228208
RV103,B,CSminus,48,0.638810466586048
RV103,B,CSminus,49,0.539012310366745
RV103,B,CSplus,50,0.549124583148446
RV103,B,CSplus,51,0.31342078810434
RV103,B,CSplus,52,0.413814627556332
RV103,B,CSminus,53,0.46951302744343
RV103,B,CSminus,54,0.466614158355836
RV103,B,CSplus,55,0.329212883915163
RV103,B,CSminus,56,0.548904523657159
RV1205,B,CSplus,1,0
RV1205,B,CSminus,2,0.412653412303567
RV1205,B,CSminus,3,0
RV1205,B,CSplus,4,0.706994930582636
RV1205,B,CSminus,5,0
RV1205,B,CSplus,6,0.581896333395578
RV1205,B,CSminus,7,0.0994973679811962
RV1205,B,CSplus,8,0
RV1205,B,CSminus,9,0.155327562717073
RV1205,B,CSplus,10,0.373836115852616
RV1205,B,CSminus,11,0
RV1205,B,CSplus,12,0.0880267326907068
RV1205,B,CSminus,13,0
RV1205,B,CSminus,14,0
RV1205,B,CSplus,15,0.178536711652891
RV1205,B,CSplus,16,0.218258858158693
RV1205,B,CSminus,17,0.121212008510867
RV1205,B,CSplus,18,0
RV1205,B,CSminus,19,0.214567909003309
RV1205,B,CSplus,20,0
RV1205,B,CSminus,21,0
RV1205,B,CSplus,22,0.111029213679644
RV1205,B,CSplus,23,0
RV1205,B,CSminus,24,0.44141789473572
RV1205,B,CSplus,25,0
RV1205,B,CSminus,26,0
RV1205,B,CSplus,27,0
RV1205,B,CSminus,28,0
RV1205,B,CSplus,29,0
RV1205,B,CSminus,30,0
RV1205,B,CSminus,31,0.241253696313675
RV1205,B,CSplus,32,0
RV1205,B,CSminus,33,0
RV1205,B,CSplus,34,0
RV1205,B,CSminus,35,0
RV1205,B,CSplus,36,0.196001205563341
RV1205,B,CSplus,37,0
RV1205,B,CSminus,38,0
RV1205,B,CSplus,39,0
RV1205,B,CSminus,40,0
RV1205,B,CSplus,41,1.1079785058536
RV1205,B,CSminus,42,0
RV1205,B,CSminus,43,0
RV1205,B,CSplus,44,0
RV1205,B,CSplus,45,0
RV1205,B,CSminus,46,0
RV1205,B,CSplus,47,0
RV1205,B,CSminus,48,0.360456917933953
RV1205,B,CSminus,49,0
RV1205,B,CSplus,50,0
RV1205,B,CSplus,51,1.16075145283622
RV1205,B,CSplus,52,0
RV1205,B,CSminus,53,0
RV1205,B,CSminus,54,0.52894576519686
RV1205,B,CSplus,55,0
RV1205,B,CSminus,56,0
RV1207,A,CSminus,1,0
RV1207,A,CSplus,2,0
RV1207,A,CSminus,3,0
RV1207,A,CSplus,4,0
RV1207,A,CSplus,5,0
RV1207,A,CSminus,6,0
RV1207,A,CSminus,7,0
RV1207,A,CSplus,8,0
RV1207,A,CSminus,9,0.254895024319028
RV1207,A,CSplus,10,0
RV1207,A,CSminus,11,0
RV1207,A,CSminus,12,0
RV1207,A,CSplus,13,0
RV1207,A,CSminus,14,0
RV1207,A,CSplus,15,0
RV1207,A,CSplus,16,0
RV1207,A,CSminus,17,0
RV1207,A,CSplus,18,0
RV1207,A,CSminus,19,0
RV1207,A,CSplus,20,0
RV1207,A,CSminus,21,0
RV1207,A,CSplus,22,0.150204565655612
RV1207,A,CSplus,23,0
RV1207,A,CSminus,24,0
RV1207,A,CSplus,25,0
RV1207,A,CSminus,26,0
RV1207,A,CSplus,27,0
RV1207,A,CSminus,28,0
RV1207,A,CSplus,29,0.172450794737282
RV1207,A,CSminus,30,0
RV1207,A,CSminus,31,0
RV1207,A,CSplus,32,0
RV1207,A,CSminus,33,0
RV1207,A,CSplus,34,0.165342765774697
RV1207,A,CSminus,35,0
RV1207,A,CSplus,36,0.137862895334206
RV1207,A,CSplus,37,0.149022055834884
RV1207,A,CSminus,38,0.149022055834884
RV1207,A,CSplus,39,0
RV1207,A,CSminus,40,0
RV1207,A,CSplus,41,0
RV1207,A,CSminus,42,0
RV1207,A,CSminus,43,0.136388383471207
RV1207,A,CSplus,44,0
RV1207,A,CSplus,45,0
RV1207,A,CSminus,46,0
RV1207,A,CSplus,47,0
RV1207,A,CSminus,48,0
RV1207,A,CSplus,49,0
RV1207,A,CSplus,50,0
RV1207,A,CSminus,51,0
RV1207,A,CSminus,52,0
RV1207,A,CSplus,53,0
RV1207,A,CSminus,54,0
RV1207,A,CSplus,55,0
RV1207,A,CSminus,56,0
RV132,A,CSminus,1,0.970754673550285
RV132,A,CSplus,2,0.996460056048904
RV132,A,CSminus,3,0.65830382507584
RV132,A,CSplus,4,0.521285893267591
RV132,A,CSplus,5,0.828102053191563
RV132,A,CSminus,6,0.564116949476001
RV132,A,CSminus,7,0.383712791855381
RV132,A,CSplus,8,0.7376265303274
RV132,A,CSminus,9,0.709308007238324
RV132,A,CSplus,10,1.00865578222564
RV132,A,CSminus,11,0.98472745885236
RV132,A,CSminus,12,0.695313227546825
RV132,A,CSplus,13,0.266965837248183
RV132,A,CSminus,14,0.209782553087343
RV132,A,CSplus,15,0.957477371633784
RV132,A,CSplus,16,1.02952385446343
RV132,A,CSminus,17,0.206036134690633
RV132,A,CSplus,18,1.19075290564385
RV132,A,CSminus,19,0.245235534290303
RV132,A,CSplus,20,0.919406155609227
RV132,A,CSminus,21,0.431083302883123
RV132,A,CSplus,22,0.52578842742251
RV132,A,CSplus,23,0.769679251536307
RV132,A,CSminus,24,0.548736996986798
RV132,A,CSplus,25,0.620821740944038
RV132,A,CSminus,26,1.01051352269878
RV132,A,CSplus,27,0.584058169723492
RV132,A,CSminus,28,1.03772396404137
RV132,A,CSplus,29,0.725889636307403
RV132,A,CSminus,30,0.749152212063944
RV132,A,CSminus,31,1.3857389406334
RV132,A,CSplus,32,0.730239396425619
RV132,A,CSminus,33,0.931004214687479
RV132,A,CSplus,34,1.33172364098939
RV132,A,CSminus,35,0.258540594866965
RV132,A,CSplus,36,0
RV132,A,CSplus,37,1.00113916514664
RV132,A,CSminus,38,0.387804285359908
RV132,A,CSplus,39,0.392715224274731
RV132,A,CSminus,40,0.821291806031145
RV132,A,CSplus,41,0.326416032619724
RV132,A,CSminus,42,1.00859481476784
RV132,A,CSminus,43,0.755703953850893
RV132,A,CSplus,44,0.287269970371509
RV132,A,CSplus,45,0.294458115288751
RV132,A,CSminus,46,0.340372465828012
RV132,A,CSplus,47,0.521266232117858
RV132,A,CSminus,48,0.394537820136534
RV132,A,CSplus,49,0.429678304539045
RV132,A,CSplus,50,0.861417376404521
RV132,A,CSminus,51,0.292607586482273
RV132,A,CSminus,52,0.394875376002142
RV132,A,CSplus,53,0.388912676867277
RV132,A,CSminus,54,0
RV132,A,CSplus,55,0.213655192904827
RV132,A,CSminus,56,0.500482558597699
RV144,B,CSplus,1,0.482707083962154
RV144,B,CSminus,2,1.1282782202651
RV144,B,CSminus,3,0
RV144,B,CSplus,4,0.311532848842029
RV144,B,CSminus,5,0.291924076863614
RV144,B,CSplus,6,0
RV144,B,CSminus,7,0.246783726435338
RV144,B,CSplus,8,0
RV144,B,CSminus,9,0
RV144,B,CSplus,10,0.58449857759027
RV144,B,CSminus,11,0
RV144,B,CSplus,12,0.391518632877037
RV144,B,CSminus,13,0
RV144,B,CSminus,14,0
RV144,B,CSplus,15,0
RV144,B,CSplus,16,0.526557173395905
RV144,B,CSminus,17,0
RV144,B,CSplus,18,0.536530668723314
RV144,B,CSminus,19,0.29939011914044
RV144,B,CSplus,20,0
RV144,B,CSminus,21,0
RV144,B,CSplus,22,0
RV144,B,CSplus,23,0.266047317896512
RV144,B,CSminus,24,0
RV144,B,CSplus,25,0
RV144,B,CSminus,26,0.301437872650207
RV144,B,CSplus,27,0
RV144,B,CSminus,28,0
RV144,B,CSplus,29,0
RV144,B,CSminus,30,0
RV144,B,CSminus,31,0
RV144,B,CSplus,32,0
RV144,B,CSminus,33,0
RV144,B,CSplus,34,0
RV144,B,CSminus,35,0
RV144,B,CSplus,36,0
RV144,B,CSplus,37,0
RV144,B,CSminus,38,0
RV144,B,CSplus,39,0
RV144,B,CSminus,40,0
RV144,B,CSplus,41,0
RV144,B,CSminus,42,0
RV144,B,CSminus,43,0.281190199878827
RV144,B,CSplus,44,0
RV144,B,CSplus,45,0
RV144,B,CSminus,46,0
RV144,B,CSplus,47,0
RV144,B,CSminus,48,0
RV144,B,CSminus,49,0
RV144,B,CSplus,50,0
RV144,B,CSplus,51,0
RV144,B,CSplus,52,0
RV144,B,CSminus,53,0
RV144,B,CSminus,54,0
RV144,B,CSplus,55,0
RV144,B,CSminus,56,0
RV148,B,CSplus,1,1.5812847739218
RV148,B,CSminus,2,1.75940127886453
RV148,B,CSminus,3,0.863657233426474
RV148,B,CSplus,4,1.10704399687183
RV148,B,CSminus,5,0.337804607104966
RV148,B,CSplus,6,0.43205954524008
RV148,B,CSminus,7,0.756163567591714
RV148,B,CSplus,8,0.423729605452669
RV148,B,CSminus,9,0
RV148,B,CSplus,10,0.71262759437948
RV148,B,CSminus,11,0.488246784783824
RV148,B,CSplus,12,0.678241952678657
RV148,B,CSminus,13,0
RV148,B,CSminus,14,0
RV148,B,CSplus,15,0.393930978347127
RV148,B,CSplus,16,0
RV148,B,CSminus,17,0
RV148,B,CSplus,18,0
RV148,B,CSminus,19,0.326513226633934
RV148,B,CSplus,20,0
RV148,B,CSminus,21,0
RV148,B,CSplus,22,0
RV148,B,CSplus,23,0
RV148,B,CSminus,24,0
RV148,B,CSplus,25,0
RV148,B,CSminus,26,0.407015758495344
RV148,B,CSplus,27,0
RV148,B,CSminus,28,1.55293886881116
RV148,B,CSplus,29,0
RV148,B,CSminus,30,0.513887207298064
RV148,B,CSminus,31,0.786408865571798
RV148,B,CSplus,32,0
RV148,B,CSminus,33,0.358286612606892
RV148,B,CSplus,34,0
RV148,B,CSminus,35,0
RV148,B,CSplus,36,0
RV148,B,CSplus,37,0.654003307147166
RV148,B,CSminus,38,0
RV148,B,CSplus,39,0
RV148,B,CSminus,40,0
RV148,B,CSplus,41,0
RV148,B,CSminus,42,0
RV148,B,CSminus,43,0
RV148,B,CSplus,44,0
RV148,B,CSplus,45,0.345127024235472
RV148,B,CSminus,46,0
RV148,B,CSplus,47,0.568960624139894
RV148,B,CSminus,48,0.603049479716632
RV148,B,CSminus,49,0
RV148,B,CSplus,50,0
RV148,B,CSplus,51,1.13976641987757
RV148,B,CSplus,52,0
RV148,B,CSminus,53,0
RV148,B,CSminus,54,0
RV148,B,CSplus,55,0
RV148,B,CSminus,56,0
RV160,A,CSminus,1,5.62731920113004
RV160,A,CSplus,2,5.1310399541638
RV160,A,CSminus,3,0
RV160,A,CSplus,4,4.67307854463446
RV160,A,CSplus,5,3.86704692170904
RV160,A,CSminus,6,0
RV160,A,CSminus,7,0
RV160,A,CSplus,8,0
RV160,A,CSminus,9,0
RV160,A,CSplus,10,3.18737606005769
RV160,A,CSminus,11,0.494296101793031
RV160,A,CSminus,12,0
RV160,A,CSplus,13,3.43890924156944
RV160,A,CSminus,14,0
RV160,A,CSplus,15,0.757839026127581
RV160,A,CSplus,16,2.25347584472055
RV160,A,CSminus,17,0
RV160,A,CSplus,18,3.056362298256
RV160,A,CSminus,19,0
RV160,A,CSplus,20,0
RV160,A,CSminus,21,0.559469842090375
RV160,A,CSplus,22,4.84466103020483
RV160,A,CSplus,23,3.3715262655228
RV160,A,CSminus,24,0
RV160,A,CSplus,25,0
RV160,A,CSminus,26,0
RV160,A,CSplus,27,0.573069728672067
RV160,A,CSminus,28,0.49290687640538
RV160,A,CSplus,29,0.538622206704305
RV160,A,CSminus,30,1.79952879773999
RV160,A,CSminus,31,0.520189513084541
RV160,A,CSplus,32,2.13298350638822
RV160,A,CSminus,33,0
RV160,A,CSplus,34,0.521809414282645
RV160,A,CSminus,35,0
RV160,A,CSplus,36,0.547461426618865
RV160,A,CSplus,37,0.530431632851869
RV160,A,CSminus,38,0.551014849202759
RV160,A,CSplus,39,0.56022359095638
RV160,A,CSminus,40,0.516934482213559
RV160,A,CSplus,41,0
RV160,A,CSminus,42,0.524732739196766
RV160,A,CSminus,43,0.532119486955415
RV160,A,CSplus,44,0.526338657991038
RV160,A,CSplus,45,0.560694169444187
RV160,A,CSminus,46,0.491513724495695
RV160,A,CSplus,47,0.519885219690216
RV160,A,CSminus,48,1.23347585741733
RV160,A,CSplus,49,0.461172255419879
RV160,A,CSplus,50,0.59252893993461
RV160,A,CSminus,51,0.533900810659076
RV160,A,CSminus,52,0.891578395577607
RV160,A,CSplus,53,0.53705301995627
RV160,A,CSminus,54,1.20035985426771
RV160,A,CSplus,55,1.286024928521
RV160,A,CSminus,56,0.554069701990345
RV165,B,CSplus,1,0.64491088951754
RV165,B,CSminus,2,1.01768926875506
RV165,B,CSminus,3,0.413561558238104
RV165,B,CSplus,4,0
RV165,B,CSminus,5,0
RV165,B,CSplus,6,0.757440688318385
RV165,B,CSminus,7,0.313870233298467
RV165,B,CSplus,8,0
RV165,B,CSminus,9,0
RV165,B,CSplus,10,0.222833545722055
RV165,B,CSminus,11,0.553433696820596
RV165,B,CSplus,12,0
RV165,B,CSminus,13,0.231008755360253
RV165,B,CSminus,14,0.385927810252202
RV165,B,CSplus,15,0.277097499432088
RV165,B,CSplus,16,0
RV165,B,CSminus,17,0
RV165,B,CSplus,18,0.489244002699258
RV165,B,CSminus,19,0
RV165,B,CSplus,20,0
RV165,B,CSminus,21,0.726959797882914
RV165,B,CSplus,22,0.499092268938057
RV165,B,CSplus,23,0.332941315804193
RV165,B,CSminus,24,0
RV165,B,CSplus,25,0.535512720821045
RV165,B,CSminus,26,0
RV165,B,CSplus,27,0
RV165,B,CSminus,28,0
RV165,B,CSplus,29,0.252676301806622
RV165,B,CSminus,30,0
RV165,B,CSminus,31,0.446180361790749
RV165,B,CSplus,32,0
RV165,B,CSminus,33,0
RV165,B,CSplus,34,0
RV165,B,CSminus,35,0.303965475480025
RV165,B,CSplus,36,0
RV165,B,CSplus,37,0
RV165,B,CSminus,38,0
RV165,B,CSplus,39,0.267227208250791
RV165,B,CSminus,40,0
RV165,B,CSplus,41,0
RV165,B,CSminus,42,0.231737655655946
RV165,B,CSminus,43,0
RV165,B,CSplus,44,0
RV165,B,CSplus,45,0
RV165,B,CSminus,46,0
RV165,B,CSplus,47,0
RV165,B,CSminus,48,0
RV165,B,CSminus,49,0
RV165,B,CSplus,50,0.393225280866776
RV165,B,CSplus,51,0.187807146121798
RV165,B,CSplus,52,0
RV165,B,CSminus,53,0.221695388101178
RV165,B,CSminus,54,0
RV165,B,CSplus,55,0.226692422062203
RV165,B,CSminus,56,0
RV166,A,CSminus,1,0.894211384966066
RV166,A,CSplus,2,0.738606298960444
RV166,A,CSminus,3,0.658232025520471
RV166,A,CSplus,4,0.680481905625894
RV166,A,CSplus,5,0.719411874204783
RV166,A,CSminus,6,0.425444992451268
RV166,A,CSminus,7,0.573253739671826
RV166,A,CSplus,8,0.609592861726552
RV166,A,CSminus,9,0.461891467819987
RV166,A,CSplus,10,0.699631249225331
RV166,A,CSminus,11,0.226030116500552
RV166,A,CSminus,12,0.494142387598261
RV166,A,CSplus,13,0.705442066546602
RV166,A,CSminus,14,0.197096078121022
RV166,A,CSplus,15,0.560931090185361
RV166,A,CSplus,16,0.630651949215481
RV166,A,CSminus,17,0.320753239923781
RV166,A,CSplus,18,0.55242440539665
RV166,A,CSminus,19,0
RV166,A,CSplus,20,0.638182250650248
RV166,A,CSminus,21,0.272153995759288
RV166,A,CSplus,22,0.669314926785507
RV166,A,CSplus,23,0.773224805933646
RV166,A,CSminus,24,0.141913377653399
RV166,A,CSplus,25,0.4124730581925
RV166,A,CSminus,26,0.476112873334286
RV166,A,CSplus,27,0.207889581951411
RV166,A,CSminus,28,0.734536248045197
RV166,A,CSplus,29,0.358338544912448
RV166,A,CSminus,30,0.634702097803251
RV166,A,CSminus,31,0.464070959776039
RV166,A,CSplus,32,0.591543099993163
RV166,A,CSminus,33,0.497284443190237
RV166,A,CSplus,34,0.58493776724763
RV166,A,CSminus,35,0
RV166,A,CSplus,36,0.393479859465025
RV166,A,CSplus,37,0.170953701993637
RV166,A,CSminus,38,0.522237445565096
RV166,A,CSplus,39,0
RV166,A,CSminus,40,0
RV166,A,CSplus,41,0.319602458118976
RV166,A,CSminus,42,0.473493820408124
RV166,A,CSminus,43,0.34531925161842
RV166,A,CSplus,44,0
RV166,A,CSplus,45,0.384023503047554
RV166,A,CSminus,46,0.581203686522036
RV166,A,CSplus,47,0.491304174625384
RV166,A,CSminus,48,0.691559387295234
RV166,A,CSplus,49,0.206718136139835
RV166,A,CSplus,50,0
RV166,A,CSminus,51,0
RV166,A,CSminus,52,0.20887413194411
RV166,A,CSplus,53,0.29425650051363
RV166,A,CSminus,54,0.134521957959785
RV166,A,CSplus,55,0.61253235978745
RV166,A,CSminus,56,0.51752601377495
RV169,B,CSplus,1,1.15523923495139
RV169,B,CSminus,2,0.920249269297804
RV169,B,CSminus,3,1.00078878491169
RV169,B,CSplus,4,1.13777412400856
RV169,B,CSminus,5,0.839900595391199
RV169,B,CSplus,6,0.562834582023513
RV169,B,CSminus,7,0.749978536610553
RV169,B,CSplus,8,1.19189022155094
RV169,B,CSminus,9,0.343950639800512
RV169,B,CSplus,10,0.953191394236682
RV169,B,CSminus,11,0.214858357303072
RV169,B,CSplus,12,0.470682458709582
RV169,B,CSminus,13,0
RV169,B,CSminus,14,0.55535533840165
RV169,B,CSplus,15,0.342328829796973
RV169,B,CSplus,16,0.590927597251577
RV169,B,CSminus,17,0.427362217754183
RV169,B,CSplus,18,0.379261088797156
RV169,B,CSminus,19,0
RV169,B,CSplus,20,0
RV169,B,CSminus,21,0.53491910574766
RV169,B,CSplus,22,0.294485220048275
RV169,B,CSplus,23,0
RV169,B,CSminus,24,0.270187519366333
RV169,B,CSplus,25,0
RV169,B,CSminus,26,0
RV169,B,CSplus,27,0
RV169,B,CSminus,28,0
RV169,B,CSplus,29,0
RV169,B,CSminus,30,0
RV169,B,CSminus,31,0
RV169,B,CSplus,32,0
RV169,B,CSminus,33,0
RV169,B,CSplus,34,0
RV169,B,CSminus,35,0.148289736527721
RV169,B,CSplus,36,0
RV169,B,CSplus,37,0
RV169,B,CSminus,38,0
RV169,B,CSplus,39,0.167307515854362
RV169,B,CSminus,40,0
RV169,B,CSplus,41,0.584707459522448
RV169,B,CSminus,42,0
RV169,B,CSminus,43,0.205251393190705
RV169,B,CSplus,44,0.144596117084555
RV169,B,CSplus,45,0.421504810296312
RV169,B,CSminus,46,0.555514523694596
RV169,B,CSplus,47,1.06260906366603
RV169,B,CSminus,48,0
RV169,B,CSminus,49,0.180842237073681
RV169,B,CSplus,50,0.163056841973793
RV169,B,CSplus,51,0
RV169,B,CSplus,52,0
RV169,B,CSminus,53,0
RV169,B,CSminus,54,0
RV169,B,CSplus,55,0
RV169,B,CSminus,56,0
RV177,B,CSplus,1,0
RV177,B,CSminus,2,0.552895005291569
RV177,B,CSminus,3,0.263537178129978
RV177,B,CSplus,4,0.475294505927365
RV177,B,CSminus,5,0.252925789586059
RV177,B,CSplus,6,0.351382904173304
RV177,B,CSminus,7,0
RV177,B,CSplus,8,0.339661967926126
RV177,B,CSminus,9,0
RV177,B,CSplus,10,0.292317883713242
RV177,B,CSminus,11,0
RV177,B,CSplus,12,0.240763795211372
RV177,B,CSminus,13,0
RV177,B,CSminus,14,0
RV177,B,CSplus,15,0
RV177,B,CSplus,16,0.36700497837265
RV177,B,CSminus,17,0
RV177,B,CSplus,18,0.221634875579335
RV177,B,CSminus,19,0.201041962012861
RV177,B,CSplus,20,0.31507397405164
RV177,B,CSminus,21,0
RV177,B,CSplus,22,0.20972399285793
RV177,B,CSplus,23,0.231592918248412
RV177,B,CSminus,24,0
RV177,B,CSplus,25,0.237986144049165
RV177,B,CSminus,26,0.246143268759111
RV177,B,CSplus,27,0
RV177,B,CSminus,28,0.27844458812617
RV177,B,CSplus,29,0
RV177,B,CSminus,30,0.239210599603956
RV177,B,CSminus,31,0
RV177,B,CSplus,32,0
RV177,B,CSminus,33,0
RV177,B,CSplus,34,0
RV177,B,CSminus,35,0
RV177,B,CSplus,36,0
RV177,B,CSplus,37,0
RV177,B,CSminus,38,0
RV177,B,CSplus,39,0
RV177,B,CSminus,40,0
RV177,B,CSplus,41,0
RV177,B,CSminus,42,0
RV177,B,CSminus,43,0
RV177,B,CSplus,44,0
RV177,B,CSplus,45,0
RV177,B,CSminus,46,0
RV177,B,CSplus,47,0
RV177,B,CSminus,48,0.260693030235395
RV177,B,CSminus,49,0.243427008423934
RV177,B,CSplus,50,0
RV177,B,CSplus,51,0
RV177,B,CSplus,52,0
RV177,B,CSminus,53,0
RV177,B,CSminus,54,0
RV177,B,CSplus,55,0
RV177,B,CSminus,56,0
RV178,B,CSplus,1,1.3381655267434
RV178,B,CSminus,2,0.282715806906064
RV178,B,CSminus,3,0
RV178,B,CSplus,4,1.60740818503342
RV178,B,CSminus,5,0
RV178,B,CSplus,6,1.51578541919539
RV178,B,CSminus,7,1.18114429663697
RV178,B,CSplus,8,0.803101358794833
RV178,B,CSminus,9,0.259703003660039
RV178,B,CSplus,10,0.296087413686203
RV178,B,CSminus,11,0.632086646708485
RV178,B,CSplus,12,1.17146853508208
RV178,B,CSminus,13,0
RV178,B,CSminus,14,0
RV178,B,CSplus,15,0.694663636625136
RV178,B,CSplus,16,0.208781440557805
RV178,B,CSminus,17,0
RV178,B,CSplus,18,0.209888622627342
RV178,B,CSminus,19,0
RV178,B,CSplus,20,0
RV178,B,CSminus,21,0
RV178,B,CSplus,22,0
RV178,B,CSplus,23,0.154667969399701
RV178,B,CSminus,24,0
RV178,B,CSplus,25,0
RV178,B,CSminus,26,0.239783255319697
RV178,B,CSplus,27,0
RV178,B,CSminus,28,0
RV178,B,CSplus,29,0
RV178,B,CSminus,30,0
RV178,B,CSminus,31,0.295499743744604
RV178,B,CSplus,32,0
RV178,B,CSminus,33,0
RV178,B,CSplus,34,0
RV178,B,CSminus,35,0
RV178,B,CSplus,36,0
RV178,B,CSplus,37,0
RV178,B,CSminus,38,0
RV178,B,CSplus,39,0
RV178,B,CSminus,40,0
RV178,B,CSplus,41,0
RV178,B,CSminus,42,0
RV178,B,CSminus,43,0
RV178,B,CSplus,44,0
RV178,B,CSplus,45,0
RV178,B,CSminus,46,0
RV178,B,CSplus,47,0
RV178,B,CSminus,48,0.967057389090192
RV178,B,CSminus,49,0.430053221411075
RV178,B,CSplus,50,0.227198006113856
RV178,B,CSplus,51,0
RV178,B,CSplus,52,0
RV178,B,CSminus,53,0.432241899263448
RV178,B,CSminus,54,1.25309826270668
RV178,B,CSplus,55,0.306607853911139
RV178,B,CSminus,56,0.724846381354667
RV179,A,CSminus,1,0.946308124853188
RV179,A,CSplus,2,0.76910360886569
RV179,A,CSminus,3,0.405475687856085
RV179,A,CSplus,4,0.512164410308597
RV179,A,CSplus,5,0.730641672129527
RV179,A,CSminus,6,0.138511565556518
RV179,A,CSminus,7,0
RV179,A,CSplus,8,0
RV179,A,CSminus,9,0
RV179,A,CSplus,10,0
RV179,A,CSminus,11,0
RV179,A,CSminus,12,0
RV179,A,CSplus,13,0.582243507642062
RV179,A,CSminus,14,0
RV179,A,CSplus,15,0
RV179,A,CSplus,16,0.134107028938109
RV179,A,CSminus,17,0
RV179,A,CSplus,18,0
RV179,A,CSminus,19,0
RV179,A,CSplus,20,0
RV179,A,CSminus,21,0.125525379713903
RV179,A,CSplus,22,0
RV179,A,CSplus,23,0
RV179,A,CSminus,24,0
RV179,A,CSplus,25,0
RV179,A,CSminus,26,0
RV179,A,CSplus,27,0
RV179,A,CSminus,28,0.154450867598414
RV179,A,CSplus,29,0
RV179,A,CSminus,30,0.780122519660903
RV179,A,CSminus,31,0
RV179,A,CSplus,32,0
RV179,A,CSminus,33,0
RV179,A,CSplus,34,0
RV179,A,CSminus,35,0
RV179,A,CSplus,36,0
RV179,A,CSplus,37,0
RV179,A,CSminus,38,0
RV179,A,CSplus,39,0
RV179,A,CSminus,40,0
RV179,A,CSplus,41,0
RV179,A,CSminus,42,0
RV179,A,CSminus,43,0
RV179,A,CSplus,44,0
RV179,A,CSplus,45,0.169660990125571
RV179,A,CSminus,46,0
RV179,A,CSplus,47,0
RV179,A,CSminus,48,0
RV179,A,CSplus,49,0
RV179,A,CSplus,50,0
RV179,A,CSminus,51,0.116827319374636
RV179,A,CSminus,52,0
RV179,A,CSplus,53,0
RV179,A,CSminus,54,0.164449845320811
RV179,A,CSplus,55,0
RV179,A,CSminus,56,0.118809024165514
RV182,A,CSminus,1,0.825512935339351
RV182,A,CSplus,2,0.788785385530041
RV182,A,CSminus,3,0.385729110936651
RV182,A,CSplus,4,0.672033633089832
RV182,A,CSplus,5,0.620737865856269
RV182,A,CSminus,6,0.535983988761232
RV182,A,CSminus,7,0.355018211260865
RV182,A,CSplus,8,0.68713526679725
RV182,A,CSminus,9,0.417327317086087
RV182,A,CSplus,10,0.550574480528496
RV182,A,CSminus,11,0.189971291631522
RV182,A,CSminus,12,0.348606933194602
RV182,A,CSplus,13,0.63183816370315
RV182,A,CSminus,14,0.219004674021215
RV182,A,CSplus,15,0.409749718918056
RV182,A,CSplus,16,0.538353421151424
RV182,A,CSminus,17,0.414518956563362
RV182,A,CSplus,18,0.540652874879972
RV182,A,CSminus,19,0.334189840775178
RV182,A,CSplus,20,0.50541379264296
RV182,A,CSminus,21,0.475758627515724
RV182,A,CSplus,22,0.51426197089108
RV182,A,CSplus,23,0.413331806241838
RV182,A,CSminus,24,0.293534846824709
RV182,A,CSplus,25,0.326261718791237
RV182,A,CSminus,26,0.266038547482806
RV182,A,CSplus,27,0
RV182,A,CSminus,28,0.306450965544116
RV182,A,CSplus,29,0.198473897471817
RV182,A,CSminus,30,0.410888405589381
RV182,A,CSminus,31,0.408942872399954
RV182,A,CSplus,32,0.201094793774973
RV182,A,CSminus,33,0.2813151655903
RV182,A,CSplus,34,0.276637321646136
RV182,A,CSminus,35,0.188139070833769
RV182,A,CSplus,36,0.282201469949272
RV182,A,CSplus,37,0.261395497473617
RV182,A,CSminus,38,0.558116450441625
RV182,A,CSplus,39,0.283454692169863
RV182,A,CSminus,40,0.286113640824823
RV182,A,CSplus,41,0.326237027247039
RV182,A,CSminus,42,0.23339231499856
RV182,A,CSminus,43,0.204353210439182
RV182,A,CSplus,44,0.188652178343417
RV182,A,CSplus,45,0.209030090685583
RV182,A,CSminus,46,0.320130213426359
RV182,A,CSplus,47,0.252268203359175
RV182,A,CSminus,48,0.179864651520856
RV182,A,CSplus,49,0
RV182,A,CSplus,50,0
RV182,A,CSminus,51,0.189928882591674
RV182,A,CSminus,52,0.201254964882624
RV182,A,CSplus,53,0.22090909833625
RV182,A,CSminus,54,0.277422439920553
RV182,A,CSplus,55,0.255599144358672
RV182,A,CSminus,56,0
RV183,A,CSminus,1,0
RV183,A,CSplus,2,0
RV183,A,CSminus,3,0
RV183,A,CSplus,4,0
RV183,A,CSplus,5,0.0753182833626588
RV183,A,CSminus,6,0
RV183,A,CSminus,7,0
RV183,A,CSplus,8,0
RV183,A,CSminus,9,0
RV183,A,CSplus,10,0
RV183,A,CSminus,11,0
RV183,A,CSminus,12,0
RV183,A,CSplus,13,0
RV183,A,CSminus,14,0
RV183,A,CSplus,15,0
RV183,A,CSplus,16,0
RV183,A,CSminus,17,0
RV183,A,CSplus,18,0
RV183,A,CSminus,19,0
RV183,A,CSplus,20,0
RV183,A,CSminus,21,0
RV183,A,CSplus,22,0
RV183,A,CSplus,23,0
RV183,A,CSminus,24,0
RV183,A,CSplus,25,0.153523795165587
RV183,A,CSminus,26,0.203335041785325
RV183,A,CSplus,27,0
RV183,A,CSminus,28,0
RV183,A,CSplus,29,0
RV183,A,CSminus,30,0
RV183,A,CSminus,31,0
RV183,A,CSplus,32,0
RV183,A,CSminus,33,0.14416519662645
RV183,A,CSplus,34,0.723704938181208
RV183,A,CSminus,35,0.184409275167489
RV183,A,CSplus,36,0.539800250101928
RV183,A,CSplus,37,0
RV183,A,CSminus,38,0.145766694454849
RV183,A,CSplus,39,0
RV183,A,CSminus,40,0.298783508206226
RV183,A,CSplus,41,0.286081072552544
RV183,A,CSminus,42,0
RV183,A,CSminus,43,0
RV183,A,CSplus,44,0
RV183,A,CSplus,45,0
RV183,A,CSminus,46,0.148714544115288
RV183,A,CSplus,47,0
RV183,A,CSminus,48,0
RV183,A,CSplus,49,0.163335594240467
RV183,A,CSplus,50,0.398901315404148
RV183,A,CSminus,51,0
RV183,A,CSminus,52,0.244616840693398
RV183,A,CSplus,53,0
RV183,A,CSminus,54,0.206805215563049
RV183,A,CSplus,55,0
RV183,A,CSminus,56,0
RV184,B,CSplus,1,0.226393745545326
RV184,B,CSminus,2,0.430489998513831
RV184,B,CSminus,3,0.168414744581951
RV184,B,CSplus,4,0.399723371402991
RV184,B,CSminus,5,0.321207397634715
RV184,B,CSplus,6,0.323806291759016
RV184,B,CSminus,7,0.332587293282988
RV184,B,CSplus,8,0.379416719255279
RV184,B,CSminus,9,0.375293907657833
RV184,B,CSplus,10,0.394824633317384
RV184,B,CSminus,11,0.299343778927143
RV184,B,CSplus,12,0.425072788591556
RV184,B,CSminus,13,0.27032745979217
RV184,B,CSminus,14,0.16655236221561
RV184,B,CSplus,15,0.41131305055762
RV184,B,CSplus,16,0.343635040078886
RV184,B,CSminus,17,0.244165114953316
RV184,B,CSplus,18,0.371625117186216
RV184,B,CSminus,19,0.302206794939912
RV184,B,CSplus,20,0
RV184,B,CSminus,21,0.259897292900494
RV184,B,CSplus,22,0.324083930355921
RV184,B,CSplus,23,0.335463220055737
RV184,B,CSminus,24,0.199305581108631
RV184,B,CSplus,25,0.17682869124353
RV184,B,CSminus,26,0.351224927506286
RV184,B,CSplus,27,0.330578939363867
RV184,B,CSminus,28,0.168357922573997
RV184,B,CSplus,29,0.365754893461432
RV184,B,CSminus,30,0.295100932074985
RV184,B,CSminus,31,0.334223077159706
RV184,B,CSplus,32,0.296853055713837
RV184,B,CSminus,33,0.289477077285561
RV184,B,CSplus,34,0.170638473094367
RV184,B,CSminus,35,0.181538398125196
RV184,B,CSplus,36,0.13243922568851
RV184,B,CSplus,37,0.276091900354544
RV184,B,CSminus,38,0.34546229330497
RV184,B,CSplus,39,0
RV184,B,CSminus,40,0.218163484250625
RV184,B,CSplus,41,0.243592315790659
RV184,B,CSminus,42,0.318425085494655
RV184,B,CSminus,43,0.251774188742346
RV184,B,CSplus,44,0.260551771097925
RV184,B,CSplus,45,0
RV184,B,CSminus,46,0.283471881573255
RV184,B,CSplus,47,0.221523390901377
RV184,B,CSminus,48,0.30171882768665
RV184,B,CSminus,49,0.292874804188011
RV184,B,CSplus,50,0.184144420856629
RV184,B,CSplus,51,0.178808821081137
RV184,B,CSplus,52,0
RV184,B,CSminus,53,0.323451513201998
RV184,B,CSminus,54,0.313659868428557
RV184,B,CSplus,55,0.186467938786696
RV184,B,CSminus,56,0.292377807332829
RV186,B,CSplus,1,1.30061784935005
RV186,B,CSminus,2,0.824964855877443
RV186,B,CSminus,3,0
RV186,B,CSplus,4,0
RV186,B,CSminus,5,0.617613126604174
RV186,B,CSplus,6,0
RV186,B,CSminus,7,0
RV186,B,CSplus,8,0
RV186,B,CSminus,9,0
RV186,B,CSplus,10,0
RV186,B,CSminus,11,0
RV186,B,CSplus,12,0
RV186,B,CSminus,13,0
RV186,B,CSminus,14,0
RV186,B,CSplus,15,0
RV186,B,CSplus,16,0
RV186,B,CSminus,17,0
RV186,B,CSplus,18,0
RV186,B,CSminus,19,0
RV186,B,CSplus,20,0
RV186,B,CSminus,21,0
RV186,B,CSplus,22,0.626016412554922
RV186,B,CSplus,23,0
RV186,B,CSminus,24,0
RV186,B,CSplus,25,0.349734726083311
RV186,B,CSminus,26,0.381525327159501
RV186,B,CSplus,27,0
RV186,B,CSminus,28,0
RV186,B,CSplus,29,0
RV186,B,CSminus,30,0
RV186,B,CSminus,31,0
RV186,B,CSplus,32,0
RV186,B,CSminus,33,0
RV186,B,CSplus,34,0
RV186,B,CSminus,35,0
RV186,B,CSplus,36,0
RV186,B,CSplus,37,0.622086149195584
RV186,B,CSminus,38,0
RV186,B,CSplus,39,0
RV186,B,CSminus,40,0
RV186,B,CSplus,41,0
RV186,B,CSminus,42,0
RV186,B,CSminus,43,0
RV186,B,CSplus,44,0
RV186,B,CSplus,45,0
RV186,B,CSminus,46,0
RV186,B,CSplus,47,0.610754886461252
RV186,B,CSminus,48,0
RV186,B,CSminus,49,0
RV186,B,CSplus,50,0
RV186,B,CSplus,51,0
RV186,B,CSplus,52,0
RV186,B,CSminus,53,0
RV186,B,CSminus,54,0.49102921115428
RV186,B,CSplus,55,0
RV186,B,CSminus,56,0
RV188,B,CSplus,1,0.873868123830349
RV188,B,CSminus,2,0.846739429026666
RV188,B,CSminus,3,0.90183762864703
RV188,B,CSplus,4,0.778666863554462
RV188,B,CSminus,5,0.614850795927512
RV188,B,CSplus,6,0.638950073709802
RV188,B,CSminus,7,0.749532762774316
RV188,B,CSplus,8,0.843871229127862
RV188,B,CSminus,9,0.936579354754189
RV188,B,CSplus,10,0.691431871476061
RV188,B,CSminus,11,0.781555010521733
RV188,B,CSplus,12,0.636465393933096
RV188,B,CSminus,13,0.791611482750423
RV188,B,CSminus,14,0.61766833786678
RV188,B,CSplus,15,0.752402547163121
RV188,B,CSplus,16,0.707512895527584
RV188,B,CSminus,17,0.540527477941656
RV188,B,CSplus,18,0.282251296742314
RV188,B,CSminus,19,0.567099613451918
RV188,B,CSplus,20,0.48850775871604
RV188,B,CSminus,21,0.607977427020988
RV188,B,CSplus,22,0.563182199053561
RV188,B,CSplus,23,0.718776670426259
RV188,B,CSminus,24,0.518616700010202
RV188,B,CSplus,25,0.579318755712291
RV188,B,CSminus,26,0.788946429677633
RV188,B,CSplus,27,0.47978203273699
RV188,B,CSminus,28,0.243072918790185
RV188,B,CSplus,29,0.414152971945116
RV188,B,CSminus,30,0.751588381812057
RV188,B,CSminus,31,0.779012749068284
RV188,B,CSplus,32,0.716250926654277
RV188,B,CSminus,33,0.721904461838921
RV188,B,CSplus,34,0.641451854496958
RV188,B,CSminus,35,0.444229653783707
RV188,B,CSplus,36,0.544517930716944
RV188,B,CSplus,37,0.911346273633414
RV188,B,CSminus,38,0.679707902192723
RV188,B,CSplus,39,0.638796741636439
RV188,B,CSminus,40,0.593080262005254
RV188,B,CSplus,41,0.588187529544401
RV188,B,CSminus,42,0.70799732755663
RV188,B,CSminus,43,0.425395239019046
RV188,B,CSplus,44,0.508743104006359
RV188,B,CSplus,45,0.477500047904969
RV188,B,CSminus,46,0.541012050933726
RV188,B,CSplus,47,0.532236043502561
RV188,B,CSminus,48,0.733548290634031
RV188,B,CSminus,49,0.637084589310824
RV188,B,CSplus,50,0.589127758192714
RV188,B,CSplus,51,0.729967291210103
RV188,B,CSplus,52,0.408406812605527
RV188,B,CSminus,53,0.633858940907163
RV188,B,CSminus,54,0.489994421520652
RV188,B,CSplus,55,0.456518828655587
RV188,B,CSminus,56,0.464274389974647
RV203,A,CSminus,1,2.64541749899772
RV203,A,CSplus,2,2.04286142128886
RV203,A,CSminus,3,0.751368285363252
RV203,A,CSplus,4,0.428222993843134
RV203,A,CSplus,5,0.395847676331249
RV203,A,CSminus,6,0.591790553765924
RV203,A,CSminus,7,0.508752599936316
RV203,A,CSplus,8,1.46551742383372
RV203,A,CSminus,9,0.526965631529664
RV203,A,CSplus,10,0.790745507866181
RV203,A,CSminus,11,0.910009993804881
RV203,A,CSminus,12,1.11565896710212
RV203,A,CSplus,13,0.429712164931715
RV203,A,CSminus,14,0
RV203,A,CSplus,15,0.79501087268438
RV203,A,CSplus,16,1.33864255465426
RV203,A,CSminus,17,0.48236473126539
RV203,A,CSplus,18,1.02717196445846
RV203,A,CSminus,19,0
RV203,A,CSplus,20,0.606838477791913
RV203,A,CSminus,21,0.419535306849615
RV203,A,CSplus,22,0.394802092937184
RV203,A,CSplus,23,0.504226967377353
RV203,A,CSminus,24,0.484618602751862
RV203,A,CSplus,25,0
RV203,A,CSminus,26,0.38885622743546
RV203,A,CSplus,27,0
RV203,A,CSminus,28,0.692282381108567
RV203,A,CSplus,29,0.418548902070155
RV203,A,CSminus,30,0
RV203,A,CSminus,31,0.419266517517048
RV203,A,CSplus,32,0.528318745048353
RV203,A,CSminus,33,0.598671703489003
RV203,A,CSplus,34,0.45733208735556
RV203,A,CSminus,35,0
RV203,A,CSplus,36,0
RV203,A,CSplus,37,0
RV203,A,CSminus,38,0
RV203,A,CSplus,39,0
RV203,A,CSminus,40,0.647404021086721
RV203,A,CSplus,41,0.447699467798712
RV203,A,CSminus,42,0
RV203,A,CSminus,43,0
RV203,A,CSplus,44,0
RV203,A,CSplus,45,0.433975891117916
RV203,A,CSminus,46,0
RV203,A,CSplus,47,0
RV203,A,CSminus,48,0
RV203,A,CSplus,49,0
RV203,A,CSplus,50,0
RV203,A,CSminus,51,0.447279605127528
RV203,A,CSminus,52,0
RV203,A,CSplus,53,0
RV203,A,CSminus,54,0
RV203,A,CSplus,55,0.538533171858193
RV203,A,CSminus,56,1.15988175377649
RV204,B,CSplus,1,0.649312779032034
RV204,B,CSminus,2,0.62427256652093
RV204,B,CSminus,3,0.2674465254387
RV204,B,CSplus,4,0.933536931021831
RV204,B,CSminus,5,0.408786744158687
RV204,B,CSplus,6,1.02129304618302
RV204,B,CSminus,7,0.517907969512562
RV204,B,CSplus,8,0.409736594156331
RV204,B,CSminus,9,0.219126088084797
RV204,B,CSplus,10,0.77131464624041
RV204,B,CSminus,11,0.238098385144091
RV204,B,CSplus,12,1.01215931890288
RV204,B,CSminus,13,0.275037049698022
RV204,B,CSminus,14,0.519503991691991
RV204,B,CSplus,15,0.410175594640273
RV204,B,CSplus,16,0.819877185536368
RV204,B,CSminus,17,0.321341122889573
RV204,B,CSplus,18,0.615270704676258
RV204,B,CSminus,19,0.38516701823519
RV204,B,CSplus,20,0.651658953657935
RV204,B,CSminus,21,0.24896181668880701
RV204,B,CSplus,22,0.703914730279357
RV204,B,CSplus,23,0.580441873280395
RV204,B,CSminus,24,0.286786875907674
RV204,B,CSplus,25,0.493472448697509
RV204,B,CSminus,26,0.859586310325826
RV204,B,CSplus,27,0.573674149812233
RV204,B,CSminus,28,0.561235343592259
RV204,B,CSplus,29,0.259814345470508
RV204,B,CSminus,30,0.779138192987284
RV204,B,CSminus,31,0.710460169063941
RV204,B,CSplus,32,0.355057787871753
RV204,B,CSminus,33,0.827980942964051
RV204,B,CSplus,34,0.306598129377573
RV204,B,CSminus,35,0
RV204,B,CSplus,36,0.306457218701707
RV204,B,CSplus,37,0.150419229304685
RV204,B,CSminus,38,0.3037082446761
RV204,B,CSplus,39,0
RV204,B,CSminus,40,0.29067636526273
RV204,B,CSplus,41,0
RV204,B,CSminus,42,0.184274018541157
RV204,B,CSminus,43,0.178721122317279
RV204,B,CSplus,44,0
RV204,B,CSplus,45,0
RV204,B,CSminus,46,0.215097478134133
RV204,B,CSplus,47,0
RV204,B,CSminus,48,0
RV204,B,CSminus,49,0.219437964767862
RV204,B,CSplus,50,0
RV204,B,CSplus,51,0.498970716609915
RV204,B,CSplus,52,0
RV204,B,CSminus,53,0
RV204,B,CSminus,54,0.130701339283414
RV204,B,CSplus,55,0
RV204,B,CSminus,56,0
RV205,A,CSminus,1,1.41568798132301
RV205,A,CSplus,2,1.12491543802319
RV205,A,CSminus,3,0.484330410729986
RV205,A,CSplus,4,0.19815590164627
RV205,A,CSplus,5,0.475902080835459
RV205,A,CSminus,6,0.846262726737388
RV205,A,CSminus,7,0.301093512581089
RV205,A,CSplus,8,0.547688841846211
RV205,A,CSminus,9,0.225400722761733
RV205,A,CSplus,10,0
RV205,A,CSminus,11,0.817214095924831
RV205,A,CSminus,12,0
RV205,A,CSplus,13,0.255326788015698
RV205,A,CSminus,14,0
RV205,A,CSplus,15,0
RV205,A,CSplus,16,0
RV205,A,CSminus,17,0
RV205,A,CSplus,18,0
RV205,A,CSminus,19,0
RV205,A,CSplus,20,0.468886739712601
RV205,A,CSminus,21,0
RV205,A,CSplus,22,0
RV205,A,CSplus,23,0
RV205,A,CSminus,24,0
RV205,A,CSplus,25,0
RV205,A,CSminus,26,0
RV205,A,CSplus,27,0
RV205,A,CSminus,28,0
RV205,A,CSplus,29,0
RV205,A,CSminus,30,0
RV205,A,CSminus,31,0
RV205,A,CSplus,32,0
RV205,A,CSminus,33,0
RV205,A,CSplus,34,0
RV205,A,CSminus,35,0
RV205,A,CSplus,36,0.241970657509532
RV205,A,CSplus,37,0
RV205,A,CSminus,38,0.245150284010466
RV205,A,CSplus,39,0
RV205,A,CSminus,40,0
RV205,A,CSplus,41,0.187593378920594
RV205,A,CSminus,42,0
RV205,A,CSminus,43,0
RV205,A,CSplus,44,0
RV205,A,CSplus,45,0
RV205,A,CSminus,46,0
RV205,A,CSplus,47,0.170240628164864
RV205,A,CSminus,48,0.302203709050277
RV205,A,CSplus,49,0
RV205,A,CSplus,50,0
RV205,A,CSminus,51,0
RV205,A,CSminus,52,0
RV205,A,CSplus,53,0.219980664320333
RV205,A,CSminus,54,0
RV205,A,CSplus,55,0
RV205,A,CSminus,56,0.549875537655504
